"Site number","Year","Annual mean counts","Species Richness","Site name","Latitude","Longitude","Date type","Reaches","Current usgs gauge","Nearest USGS gauge"
1,1997,144,30,"Alameda",35.1880598884,-106.646949118,"Center well ground EMLID","Angostura Reach",8330000,"Rio Grande at Albuquerque 08330000"
1,1998,208,36,"Alameda",35.1880598884,-106.646949118,"Center well ground EMLID","Angostura Reach",8330000,"Rio Grande at Albuquerque 08330000"
1,1999,139,32,"Alameda",35.1880598884,-106.646949118,"Center well ground EMLID","Angostura Reach",8330000,"Rio Grande at Albuquerque 08330000"
1,2000,93,29,"Alameda",35.1880598884,-106.646949118,"Center well ground EMLID","Angostura Reach",8330000,"Rio Grande at Albuquerque 08330000"
1,2001,113,28,"Alameda",35.1880598884,-106.646949118,"Center well ground EMLID","Angostura Reach",8330000,"Rio Grande at Albuquerque 08330000"
1,2002,162,40,"Alameda",35.1880598884,-106.646949118,"Center well ground EMLID","Angostura Reach",8330000,"Rio Grande at Albuquerque 08330000"
1,2003,146,32,"Alameda",35.1880598884,-106.646949118,"Center well ground EMLID","Angostura Reach",8330000,"Rio Grande at Albuquerque 08330000"
1,2004,208,42,"Alameda",35.1880598884,-106.646949118,"Center well ground EMLID","Angostura Reach",8330000,"Rio Grande at Albuquerque 08330000"
1,2005,426,31,"Alameda",35.1880598884,-106.646949118,"Center well ground EMLID","Angostura Reach",8330000,"Rio Grande at Albuquerque 08330000"
1,2006,150,31,"Alameda",35.1880598884,-106.646949118,"Center well ground EMLID","Angostura Reach",8330000,"Rio Grande at Albuquerque 08330000"
1,2007,259,36,"Alameda",35.1880598884,-106.646949118,"Center well ground EMLID","Angostura Reach",8330000,"Rio Grande at Albuquerque 08330000"
1,2008,293,36,"Alameda",35.1880598884,-106.646949118,"Center well ground EMLID","Angostura Reach",8330000,"Rio Grande at Albuquerque 08330000"
1,2009,197,38,"Alameda",35.1880598884,-106.646949118,"Center well ground EMLID","Angostura Reach",8330000,"Rio Grande at Albuquerque 08330000"
1,2010,269,38,"Alameda",35.1880598884,-106.646949118,"Center well ground EMLID","Angostura Reach",8330000,"Rio Grande at Albuquerque 08330000"
1,2011,263,40,"Alameda",35.1880598884,-106.646949118,"Center well ground EMLID","Angostura Reach",8330000,"Rio Grande at Albuquerque 08330000"
1,2012,213,44,"Alameda",35.1880598884,-106.646949118,"Center well ground EMLID","Angostura Reach",8330000,"Rio Grande at Albuquerque 08330000"
1,2013,199,37,"Alameda",35.1880598884,-106.646949118,"Center well ground EMLID","Angostura Reach",8330000,"Rio Grande at Albuquerque 08330000"
1,2014,184,46,"Alameda",35.1880598884,-106.646949118,"Center well ground EMLID","Angostura Reach",8330000,"Rio Grande at Albuquerque 08330000"
1,2015,313,51,"Alameda",35.1880598884,-106.646949118,"Center well ground EMLID","Angostura Reach",8330000,"Rio Grande at Albuquerque 08330000"
1,2016,373,35,"Alameda",35.1880598884,-106.646949118,"Center well ground EMLID","Angostura Reach",8330000,"Rio Grande at Albuquerque 08330000"
1,2017,398,13,"Alameda",35.1880598884,-106.646949118,"Center well ground EMLID","Angostura Reach",8330000,"Rio Grande at Albuquerque 08330000"
1,2018,140,46,"Alameda",35.1880598884,-106.646949118,"Center well ground EMLID","Angostura Reach",8330000,"Rio Grande at Albuquerque 08330000"
1,2019,230,43,"Alameda",35.1880598884,-106.646949118,"Center well ground EMLID","Angostura Reach",8330000,"Rio Grande at Albuquerque 08330000"
1,2020,164,38,"Alameda",35.1880598884,-106.646949118,"Center well ground EMLID","Angostura Reach",8330000,"Rio Grande at Albuquerque 08330000"
1,2021,235,39,"Alameda",35.1880598884,-106.646949118,"Center well ground EMLID","Angostura Reach",8330000,"Rio Grande at Albuquerque 08330000"
2,1997,101,20,"Rio Grande Nature Center",35.1267624154,-106.688450012,"Center well ground EMLID","Angostura Reach",8330000,"Rio Grande at Albuquerque 08330000"
2,1998,512,35,"Rio Grande Nature Center",35.1267624154,-106.688450012,"Center well ground EMLID","Angostura Reach",8330000,"Rio Grande at Albuquerque 08330000"
2,1999,328,30,"Rio Grande Nature Center",35.1267624154,-106.688450012,"Center well ground EMLID","Angostura Reach",8330000,"Rio Grande at Albuquerque 08330000"
2,2000,256,17,"Rio Grande Nature Center",35.1267624154,-106.688450012,"Center well ground EMLID","Angostura Reach",8330000,"Rio Grande at Albuquerque 08330000"
2,2001,357,31,"Rio Grande Nature Center",35.1267624154,-106.688450012,"Center well ground EMLID","Angostura Reach",8330000,"Rio Grande at Albuquerque 08330000"
2,2002,114,35,"Rio Grande Nature Center",35.1267624154,-106.688450012,"Center well ground EMLID","Angostura Reach",8330000,"Rio Grande at Albuquerque 08330000"
2,2003,253,34,"Rio Grande Nature Center",35.1267624154,-106.688450012,"Center well ground EMLID","Angostura Reach",8330000,"Rio Grande at Albuquerque 08330000"
2,2004,246,43,"Rio Grande Nature Center",35.1267624154,-106.688450012,"Center well ground EMLID","Angostura Reach",8330000,"Rio Grande at Albuquerque 08330000"
2,2005,458,44,"Rio Grande Nature Center",35.1267624154,-106.688450012,"Center well ground EMLID","Angostura Reach",8330000,"Rio Grande at Albuquerque 08330000"
2,2006,233,37,"Rio Grande Nature Center",35.1267624154,-106.688450012,"Center well ground EMLID","Angostura Reach",8330000,"Rio Grande at Albuquerque 08330000"
2,2007,397,40,"Rio Grande Nature Center",35.1267624154,-106.688450012,"Center well ground EMLID","Angostura Reach",8330000,"Rio Grande at Albuquerque 08330000"
2,2008,188,40,"Rio Grande Nature Center",35.1267624154,-106.688450012,"Center well ground EMLID","Angostura Reach",8330000,"Rio Grande at Albuquerque 08330000"
2,2009,148,35,"Rio Grande Nature Center",35.1267624154,-106.688450012,"Center well ground EMLID","Angostura Reach",8330000,"Rio Grande at Albuquerque 08330000"
2,2010,167,32,"Rio Grande Nature Center",35.1267624154,-106.688450012,"Center well ground EMLID","Angostura Reach",8330000,"Rio Grande at Albuquerque 08330000"
2,2011,238,43,"Rio Grande Nature Center",35.1267624154,-106.688450012,"Center well ground EMLID","Angostura Reach",8330000,"Rio Grande at Albuquerque 08330000"
2,2012,294,49,"Rio Grande Nature Center",35.1267624154,-106.688450012,"Center well ground EMLID","Angostura Reach",8330000,"Rio Grande at Albuquerque 08330000"
2,2013,280,50,"Rio Grande Nature Center",35.1267624154,-106.688450012,"Center well ground EMLID","Angostura Reach",8330000,"Rio Grande at Albuquerque 08330000"
2,2014,158,49,"Rio Grande Nature Center",35.1267624154,-106.688450012,"Center well ground EMLID","Angostura Reach",8330000,"Rio Grande at Albuquerque 08330000"
2,2015,215,48,"Rio Grande Nature Center",35.1267624154,-106.688450012,"Center well ground EMLID","Angostura Reach",8330000,"Rio Grande at Albuquerque 08330000"
2,2016,348,47,"Rio Grande Nature Center",35.1267624154,-106.688450012,"Center well ground EMLID","Angostura Reach",8330000,"Rio Grande at Albuquerque 08330000"
2,2017,201,22,"Rio Grande Nature Center",35.1267624154,-106.688450012,"Center well ground EMLID","Angostura Reach",8330000,"Rio Grande at Albuquerque 08330000"
2,2018,244,54,"Rio Grande Nature Center",35.1267624154,-106.688450012,"Center well ground EMLID","Angostura Reach",8330000,"Rio Grande at Albuquerque 08330000"
2,2019,171,40,"Rio Grande Nature Center",35.1267624154,-106.688450012,"Center well ground EMLID","Angostura Reach",8330000,"Rio Grande at Albuquerque 08330000"
2,2020,267,53,"Rio Grande Nature Center",35.1267624154,-106.688450012,"Center well ground EMLID","Angostura Reach",8330000,"Rio Grande at Albuquerque 08330000"
2,2021,374,42,"Rio Grande Nature Center",35.1267624154,-106.688450012,"Center well ground EMLID","Angostura Reach",8330000,"Rio Grande at Albuquerque 08330000"
3,1998,166,18,"Los Lunas",34.8123850767529,-106.714471968474,"Center well ground EMLID","Isleta Reach",8331160,"1) Rio Grande Near Bosque Farms 08331160 03/16/06 to present 2) Rio Grande at Isleta Lakes Near Isleta 08330875 10/1/02-03/16/06, 3)  Rio Grande Floodway Near Bernardo 08332010 from beginning til 10/1/02"
3,1999,187,31,"Los Lunas",34.8123850767529,-106.714471968474,"Center well ground EMLID","Isleta Reach",8331160,"1) Rio Grande Near Bosque Farms 08331160 03/16/06 to present 2) Rio Grande at Isleta Lakes Near Isleta 08330875 10/1/02-03/16/06, 3)  Rio Grande Floodway Near Bernardo 08332010 from beginning til 10/1/02"
3,2000,164,16,"Los Lunas",34.8123850767529,-106.714471968474,"Center well ground EMLID","Isleta Reach",8331160,"1) Rio Grande Near Bosque Farms 08331160 03/16/06 to present 2) Rio Grande at Isleta Lakes Near Isleta 08330875 10/1/02-03/16/06, 3)  Rio Grande Floodway Near Bernardo 08332010 from beginning til 10/1/02"
3,2001,221,23,"Los Lunas",34.8123850767529,-106.714471968474,"Center well ground EMLID","Isleta Reach",8331160,"1) Rio Grande Near Bosque Farms 08331160 03/16/06 to present 2) Rio Grande at Isleta Lakes Near Isleta 08330875 10/1/02-03/16/06, 3)  Rio Grande Floodway Near Bernardo 08332010 from beginning til 10/1/02"
3,2002,169,23,"Los Lunas",34.8123850767529,-106.714471968474,"Center well ground EMLID","Isleta Reach",8331160,"1) Rio Grande Near Bosque Farms 08331160 03/16/06 to present 2) Rio Grande at Isleta Lakes Near Isleta 08330875 10/1/02-03/16/06, 3)  Rio Grande Floodway Near Bernardo 08332010 from beginning til 10/1/02"
3,2003,124,21,"Los Lunas",34.8123850767529,-106.714471968474,"Center well ground EMLID","Isleta Reach",8331160,"1) Rio Grande Near Bosque Farms 08331160 03/16/06 to present 2) Rio Grande at Isleta Lakes Near Isleta 08330875 10/1/02-03/16/06, 3)  Rio Grande Floodway Near Bernardo 08332010 from beginning til 10/1/02"
3,2004,234,27,"Los Lunas",34.8123850767529,-106.714471968474,"Center well ground EMLID","Isleta Reach",8331160,"1) Rio Grande Near Bosque Farms 08331160 03/16/06 to present 2) Rio Grande at Isleta Lakes Near Isleta 08330875 10/1/02-03/16/06, 3)  Rio Grande Floodway Near Bernardo 08332010 from beginning til 10/1/02"
3,2005,192,26,"Los Lunas",34.8123850767529,-106.714471968474,"Center well ground EMLID","Isleta Reach",8331160,"1) Rio Grande Near Bosque Farms 08331160 03/16/06 to present 2) Rio Grande at Isleta Lakes Near Isleta 08330875 10/1/02-03/16/06, 3)  Rio Grande Floodway Near Bernardo 08332010 from beginning til 10/1/02"
3,2006,197,24,"Los Lunas",34.8123850767529,-106.714471968474,"Center well ground EMLID","Isleta Reach",8331160,"1) Rio Grande Near Bosque Farms 08331160 03/16/06 to present 2) Rio Grande at Isleta Lakes Near Isleta 08330875 10/1/02-03/16/06, 3)  Rio Grande Floodway Near Bernardo 08332010 from beginning til 10/1/02"
3,2007,198,28,"Los Lunas",34.8123850767529,-106.714471968474,"Center well ground EMLID","Isleta Reach",8331160,"1) Rio Grande Near Bosque Farms 08331160 03/16/06 to present 2) Rio Grande at Isleta Lakes Near Isleta 08330875 10/1/02-03/16/06, 3)  Rio Grande Floodway Near Bernardo 08332010 from beginning til 10/1/02"
3,2008,140,25,"Los Lunas",34.8123850767529,-106.714471968474,"Center well ground EMLID","Isleta Reach",8331160,"1) Rio Grande Near Bosque Farms 08331160 03/16/06 to present 2) Rio Grande at Isleta Lakes Near Isleta 08330875 10/1/02-03/16/06, 3)  Rio Grande Floodway Near Bernardo 08332010 from beginning til 10/1/02"
3,2009,509,31,"Los Lunas",34.8123850767529,-106.714471968474,"Center well ground EMLID","Isleta Reach",8331160,"1) Rio Grande Near Bosque Farms 08331160 03/16/06 to present 2) Rio Grande at Isleta Lakes Near Isleta 08330875 10/1/02-03/16/06, 3)  Rio Grande Floodway Near Bernardo 08332010 from beginning til 10/1/02"
3,2010,230,24,"Los Lunas",34.8123850767529,-106.714471968474,"Center well ground EMLID","Isleta Reach",8331160,"1) Rio Grande Near Bosque Farms 08331160 03/16/06 to present 2) Rio Grande at Isleta Lakes Near Isleta 08330875 10/1/02-03/16/06, 3)  Rio Grande Floodway Near Bernardo 08332010 from beginning til 10/1/02"
3,2011,347,35,"Los Lunas",34.8123850767529,-106.714471968474,"Center well ground EMLID","Isleta Reach",8331160,"1) Rio Grande Near Bosque Farms 08331160 03/16/06 to present 2) Rio Grande at Isleta Lakes Near Isleta 08330875 10/1/02-03/16/06, 3)  Rio Grande Floodway Near Bernardo 08332010 from beginning til 10/1/02"
3,2012,523,35,"Los Lunas",34.8123850767529,-106.714471968474,"Center well ground EMLID","Isleta Reach",8331160,"1) Rio Grande Near Bosque Farms 08331160 03/16/06 to present 2) Rio Grande at Isleta Lakes Near Isleta 08330875 10/1/02-03/16/06, 3)  Rio Grande Floodway Near Bernardo 08332010 from beginning til 10/1/02"
3,2013,309,36,"Los Lunas",34.8123850767529,-106.714471968474,"Center well ground EMLID","Isleta Reach",8331160,"1) Rio Grande Near Bosque Farms 08331160 03/16/06 to present 2) Rio Grande at Isleta Lakes Near Isleta 08330875 10/1/02-03/16/06, 3)  Rio Grande Floodway Near Bernardo 08332010 from beginning til 10/1/02"
3,2014,587,32,"Los Lunas",34.8123850767529,-106.714471968474,"Center well ground EMLID","Isleta Reach",8331160,"1) Rio Grande Near Bosque Farms 08331160 03/16/06 to present 2) Rio Grande at Isleta Lakes Near Isleta 08330875 10/1/02-03/16/06, 3)  Rio Grande Floodway Near Bernardo 08332010 from beginning til 10/1/02"
3,2015,2425,36,"Los Lunas",34.8123850767529,-106.714471968474,"Center well ground EMLID","Isleta Reach",8331160,"1) Rio Grande Near Bosque Farms 08331160 03/16/06 to present 2) Rio Grande at Isleta Lakes Near Isleta 08330875 10/1/02-03/16/06, 3)  Rio Grande Floodway Near Bernardo 08332010 from beginning til 10/1/02"
3,2016,767,33,"Los Lunas",34.8123850767529,-106.714471968474,"Center well ground EMLID","Isleta Reach",8331160,"1) Rio Grande Near Bosque Farms 08331160 03/16/06 to present 2) Rio Grande at Isleta Lakes Near Isleta 08330875 10/1/02-03/16/06, 3)  Rio Grande Floodway Near Bernardo 08332010 from beginning til 10/1/02"
3,2017,1352,51,"Los Lunas",34.8123850767529,-106.714471968474,"Center well ground EMLID","Isleta Reach",8331160,"1) Rio Grande Near Bosque Farms 08331160 03/16/06 to present 2) Rio Grande at Isleta Lakes Near Isleta 08330875 10/1/02-03/16/06, 3)  Rio Grande Floodway Near Bernardo 08332010 from beginning til 10/1/02"
3,2018,683,48,"Los Lunas",34.8123850767529,-106.714471968474,"Center well ground EMLID","Isleta Reach",8331160,"1) Rio Grande Near Bosque Farms 08331160 03/16/06 to present 2) Rio Grande at Isleta Lakes Near Isleta 08330875 10/1/02-03/16/06, 3)  Rio Grande Floodway Near Bernardo 08332010 from beginning til 10/1/02"
3,2019,269,47,"Los Lunas",34.8123850767529,-106.714471968474,"Center well ground EMLID","Isleta Reach",8331160,"1) Rio Grande Near Bosque Farms 08331160 03/16/06 to present 2) Rio Grande at Isleta Lakes Near Isleta 08330875 10/1/02-03/16/06, 3)  Rio Grande Floodway Near Bernardo 08332010 from beginning til 10/1/02"
3,2020,288,35,"Los Lunas",34.8123850767529,-106.714471968474,"Center well ground EMLID","Isleta Reach",8331160,"1) Rio Grande Near Bosque Farms 08331160 03/16/06 to present 2) Rio Grande at Isleta Lakes Near Isleta 08330875 10/1/02-03/16/06, 3)  Rio Grande Floodway Near Bernardo 08332010 from beginning til 10/1/02"
3,2021,238,44,"Los Lunas",34.8123850767529,-106.714471968474,"Center well ground EMLID","Isleta Reach",8331160,"1) Rio Grande Near Bosque Farms 08331160 03/16/06 to present 2) Rio Grande at Isleta Lakes Near Isleta 08330875 10/1/02-03/16/06, 3)  Rio Grande Floodway Near Bernardo 08332010 from beginning til 10/1/02"
4,1998,341,31,"Belen",34.6481124155284,-106.737727748983,"Center well ground EMLID","Isleta Reach",8331510,"1) Rio Grande at State Hwy 346 near Bosque 08331510 from 10/2005 to present 2) Rio Grande Floodway Near Bernardo 08332010 from beginning to 10/2005"
4,1999,229,15,"Belen",34.6481124155284,-106.737727748983,"Center well ground EMLID","Isleta Reach",8331510,"1) Rio Grande at State Hwy 346 near Bosque 08331510 from 10/2005 to present 2) Rio Grande Floodway Near Bernardo 08332010 from beginning to 10/2005"
4,2000,338,22,"Belen",34.6481124155284,-106.737727748983,"Center well ground EMLID","Isleta Reach",8331510,"1) Rio Grande at State Hwy 346 near Bosque 08331510 from 10/2005 to present 2) Rio Grande Floodway Near Bernardo 08332010 from beginning to 10/2005"
4,2001,270,18,"Belen",34.6481124155284,-106.737727748983,"Center well ground EMLID","Isleta Reach",8331510,"1) Rio Grande at State Hwy 346 near Bosque 08331510 from 10/2005 to present 2) Rio Grande Floodway Near Bernardo 08332010 from beginning to 10/2005"
4,2002,146,17,"Belen",34.6481124155284,-106.737727748983,"Center well ground EMLID","Isleta Reach",8331510,"1) Rio Grande at State Hwy 346 near Bosque 08331510 from 10/2005 to present 2) Rio Grande Floodway Near Bernardo 08332010 from beginning to 10/2005"
4,2003,235,27,"Belen",34.6481124155284,-106.737727748983,"Center well ground EMLID","Isleta Reach",8331510,"1) Rio Grande at State Hwy 346 near Bosque 08331510 from 10/2005 to present 2) Rio Grande Floodway Near Bernardo 08332010 from beginning to 10/2005"
4,2004,373,35,"Belen",34.6481124155284,-106.737727748983,"Center well ground EMLID","Isleta Reach",8331510,"1) Rio Grande at State Hwy 346 near Bosque 08331510 from 10/2005 to present 2) Rio Grande Floodway Near Bernardo 08332010 from beginning to 10/2005"
4,2005,284,34,"Belen",34.6481124155284,-106.737727748983,"Center well ground EMLID","Isleta Reach",8331510,"1) Rio Grande at State Hwy 346 near Bosque 08331510 from 10/2005 to present 2) Rio Grande Floodway Near Bernardo 08332010 from beginning to 10/2005"
4,2006,425,34,"Belen",34.6481124155284,-106.737727748983,"Center well ground EMLID","Isleta Reach",8331510,"1) Rio Grande at State Hwy 346 near Bosque 08331510 from 10/2005 to present 2) Rio Grande Floodway Near Bernardo 08332010 from beginning to 10/2005"
4,2007,921,43,"Belen",34.6481124155284,-106.737727748983,"Center well ground EMLID","Isleta Reach",8331510,"1) Rio Grande at State Hwy 346 near Bosque 08331510 from 10/2005 to present 2) Rio Grande Floodway Near Bernardo 08332010 from beginning to 10/2005"
4,2008,343,40,"Belen",34.6481124155284,-106.737727748983,"Center well ground EMLID","Isleta Reach",8331510,"1) Rio Grande at State Hwy 346 near Bosque 08331510 from 10/2005 to present 2) Rio Grande Floodway Near Bernardo 08332010 from beginning to 10/2005"
4,2009,573,31,"Belen",34.6481124155284,-106.737727748983,"Center well ground EMLID","Isleta Reach",8331510,"1) Rio Grande at State Hwy 346 near Bosque 08331510 from 10/2005 to present 2) Rio Grande Floodway Near Bernardo 08332010 from beginning to 10/2005"
4,2010,298,33,"Belen",34.6481124155284,-106.737727748983,"Center well ground EMLID","Isleta Reach",8331510,"1) Rio Grande at State Hwy 346 near Bosque 08331510 from 10/2005 to present 2) Rio Grande Floodway Near Bernardo 08332010 from beginning to 10/2005"
4,2011,189,37,"Belen",34.6481124155284,-106.737727748983,"Center well ground EMLID","Isleta Reach",8331510,"1) Rio Grande at State Hwy 346 near Bosque 08331510 from 10/2005 to present 2) Rio Grande Floodway Near Bernardo 08332010 from beginning to 10/2005"
4,2012,266,41,"Belen",34.6481124155284,-106.737727748983,"Center well ground EMLID","Isleta Reach",8331510,"1) Rio Grande at State Hwy 346 near Bosque 08331510 from 10/2005 to present 2) Rio Grande Floodway Near Bernardo 08332010 from beginning to 10/2005"
4,2013,214,39,"Belen",34.6481124155284,-106.737727748983,"Center well ground EMLID","Isleta Reach",8331510,"1) Rio Grande at State Hwy 346 near Bosque 08331510 from 10/2005 to present 2) Rio Grande Floodway Near Bernardo 08332010 from beginning to 10/2005"
4,2014,314,48,"Belen",34.6481124155284,-106.737727748983,"Center well ground EMLID","Isleta Reach",8331510,"1) Rio Grande at State Hwy 346 near Bosque 08331510 from 10/2005 to present 2) Rio Grande Floodway Near Bernardo 08332010 from beginning to 10/2005"
4,2015,566,48,"Belen",34.6481124155284,-106.737727748983,"Center well ground EMLID","Isleta Reach",8331510,"1) Rio Grande at State Hwy 346 near Bosque 08331510 from 10/2005 to present 2) Rio Grande Floodway Near Bernardo 08332010 from beginning to 10/2005"
4,2016,556,47,"Belen",34.6481124155284,-106.737727748983,"Center well ground EMLID","Isleta Reach",8331510,"1) Rio Grande at State Hwy 346 near Bosque 08331510 from 10/2005 to present 2) Rio Grande Floodway Near Bernardo 08332010 from beginning to 10/2005"
4,2017,526,36,"Belen",34.6481124155284,-106.737727748983,"Center well ground EMLID","Isleta Reach",8331510,"1) Rio Grande at State Hwy 346 near Bosque 08331510 from 10/2005 to present 2) Rio Grande Floodway Near Bernardo 08332010 from beginning to 10/2005"
4,2018,510,36,"Belen",34.6481124155284,-106.737727748983,"Center well ground EMLID","Isleta Reach",8331510,"1) Rio Grande at State Hwy 346 near Bosque 08331510 from 10/2005 to present 2) Rio Grande Floodway Near Bernardo 08332010 from beginning to 10/2005"
4,2019,458,33,"Belen",34.6481124155284,-106.737727748983,"Center well ground EMLID","Isleta Reach",8331510,"1) Rio Grande at State Hwy 346 near Bosque 08331510 from 10/2005 to present 2) Rio Grande Floodway Near Bernardo 08332010 from beginning to 10/2005"
4,2020,208,40,"Belen",34.6481124155284,-106.737727748983,"Center well ground EMLID","Isleta Reach",8331510,"1) Rio Grande at State Hwy 346 near Bosque 08331510 from 10/2005 to present 2) Rio Grande Floodway Near Bernardo 08332010 from beginning to 10/2005"
4,2021,202,37,"Belen",34.6481124155284,-106.737727748983,"Center well ground EMLID","Isleta Reach",8331510,"1) Rio Grande at State Hwy 346 near Bosque 08331510 from 10/2005 to present 2) Rio Grande Floodway Near Bernardo 08332010 from beginning to 10/2005"
5,1999,59,13,"Santa Ana",35.34284,-106.5458,"Est from map","Angostura Reach",NA,NA
5,2000,70,12,"Santa Ana",35.34284,-106.5458,"Est from map","Angostura Reach",NA,NA
5,2001,29,9,"Santa Ana",35.34284,-106.5458,"Est from map","Angostura Reach",NA,NA
5,2002,31,9,"Santa Ana",35.34284,-106.5458,"Est from map","Angostura Reach",NA,NA
5,2004,23,10,"Santa Ana",35.34284,-106.5458,"Est from map","Angostura Reach",NA,NA
5,2008,0,1,"Santa Ana",35.34284,-106.5458,"Est from map","Angostura Reach",NA,NA
5,2009,52,16,"Santa Ana",35.34284,-106.5458,"Est from map","Angostura Reach",NA,NA
5,2010,199,31,"Santa Ana",35.34284,-106.5458,"Est from map","Angostura Reach",NA,NA
5,2011,220,34,"Santa Ana",35.34284,-106.5458,"Est from map","Angostura Reach",NA,NA
5,2012,213,38,"Santa Ana",35.34284,-106.5458,"Est from map","Angostura Reach",NA,NA
5,2013,109,37,"Santa Ana",35.34284,-106.5458,"Est from map","Angostura Reach",NA,NA
5,2014,139,38,"Santa Ana",35.34284,-106.5458,"Est from map","Angostura Reach",NA,NA
5,2015,159,44,"Santa Ana",35.34284,-106.5458,"Est from map","Angostura Reach",NA,NA
5,2016,198,49,"Santa Ana",35.34284,-106.5458,"Est from map","Angostura Reach",NA,NA
5,2017,305,57,"Santa Ana",35.34284,-106.5458,"Est from map","Angostura Reach",NA,NA
5,2018,202,58,"Santa Ana",35.34284,-106.5458,"Est from map","Angostura Reach",NA,NA
5,2019,159,47,"Santa Ana",35.34284,-106.5458,"Est from map","Angostura Reach",NA,NA
5,2020,53,19,"Santa Ana",35.34284,-106.5458,"Est from map","Angostura Reach",NA,NA
5,2021,132,49,"Santa Ana",35.34284,-106.5458,"Est from map","Angostura Reach",NA,NA
6,2000,105,20,"Savannah",35.1428674147,-106.681982289,"Center well ground EMLID","Angostura Reach",8330000,"Rio Grande at Albuquerque 08330000"
6,2001,257,51,"Savannah",35.1428674147,-106.681982289,"Center well ground EMLID","Angostura Reach",8330000,"Rio Grande at Albuquerque 08330000"
6,2002,248,43,"Savannah",35.1428674147,-106.681982289,"Center well ground EMLID","Angostura Reach",8330000,"Rio Grande at Albuquerque 08330000"
6,2003,255,26,"Savannah",35.1428674147,-106.681982289,"Center well ground EMLID","Angostura Reach",8330000,"Rio Grande at Albuquerque 08330000"
6,2004,251,36,"Savannah",35.1428674147,-106.681982289,"Center well ground EMLID","Angostura Reach",8330000,"Rio Grande at Albuquerque 08330000"
6,2005,408,44,"Savannah",35.1428674147,-106.681982289,"Center well ground EMLID","Angostura Reach",8330000,"Rio Grande at Albuquerque 08330000"
6,2006,141,39,"Savannah",35.1428674147,-106.681982289,"Center well ground EMLID","Angostura Reach",8330000,"Rio Grande at Albuquerque 08330000"
6,2007,272,44,"Savannah",35.1428674147,-106.681982289,"Center well ground EMLID","Angostura Reach",8330000,"Rio Grande at Albuquerque 08330000"
6,2008,191,39,"Savannah",35.1428674147,-106.681982289,"Center well ground EMLID","Angostura Reach",8330000,"Rio Grande at Albuquerque 08330000"
6,2009,264,47,"Savannah",35.1428674147,-106.681982289,"Center well ground EMLID","Angostura Reach",8330000,"Rio Grande at Albuquerque 08330000"
6,2010,390,54,"Savannah",35.1428674147,-106.681982289,"Center well ground EMLID","Angostura Reach",8330000,"Rio Grande at Albuquerque 08330000"
6,2011,397,50,"Savannah",35.1428674147,-106.681982289,"Center well ground EMLID","Angostura Reach",8330000,"Rio Grande at Albuquerque 08330000"
6,2012,249,54,"Savannah",35.1428674147,-106.681982289,"Center well ground EMLID","Angostura Reach",8330000,"Rio Grande at Albuquerque 08330000"
6,2013,172,45,"Savannah",35.1428674147,-106.681982289,"Center well ground EMLID","Angostura Reach",8330000,"Rio Grande at Albuquerque 08330000"
6,2014,266,60,"Savannah",35.1428674147,-106.681982289,"Center well ground EMLID","Angostura Reach",8330000,"Rio Grande at Albuquerque 08330000"
6,2015,243,64,"Savannah",35.1428674147,-106.681982289,"Center well ground EMLID","Angostura Reach",8330000,"Rio Grande at Albuquerque 08330000"
6,2016,343,54,"Savannah",35.1428674147,-106.681982289,"Center well ground EMLID","Angostura Reach",8330000,"Rio Grande at Albuquerque 08330000"
6,2017,356,48,"Savannah",35.1428674147,-106.681982289,"Center well ground EMLID","Angostura Reach",8330000,"Rio Grande at Albuquerque 08330000"
6,2018,419,55,"Savannah",35.1428674147,-106.681982289,"Center well ground EMLID","Angostura Reach",8330000,"Rio Grande at Albuquerque 08330000"
6,2019,523,47,"Savannah",35.1428674147,-106.681982289,"Center well ground EMLID","Angostura Reach",8330000,"Rio Grande at Albuquerque 08330000"
6,2020,641,46,"Savannah",35.1428674147,-106.681982289,"Center well ground EMLID","Angostura Reach",8330000,"Rio Grande at Albuquerque 08330000"
6,2021,276,47,"Savannah",35.1428674147,-106.681982289,"Center well ground EMLID","Angostura Reach",8330000,"Rio Grande at Albuquerque 08330000"
7,2001,121,26,"Lemitar",34.1670457032,-106.889953039,"Center well ground EMLID","San Acacia Reach",8354900,"Rio Grande Floodway at San Acacia 08354900"
7,2002,81,21,"Lemitar",34.1670457032,-106.889953039,"Center well ground EMLID","San Acacia Reach",8354900,"Rio Grande Floodway at San Acacia 08354900"
7,2003,19,12,"Lemitar",34.1670457032,-106.889953039,"Center well ground EMLID","San Acacia Reach",8354900,"Rio Grande Floodway at San Acacia 08354900"
7,2004,147,35,"Lemitar",34.1670457032,-106.889953039,"Center well ground EMLID","San Acacia Reach",8354900,"Rio Grande Floodway at San Acacia 08354900"
7,2005,620,46,"Lemitar",34.1670457032,-106.889953039,"Center well ground EMLID","San Acacia Reach",8354900,"Rio Grande Floodway at San Acacia 08354900"
7,2006,173,37,"Lemitar",34.1670457032,-106.889953039,"Center well ground EMLID","San Acacia Reach",8354900,"Rio Grande Floodway at San Acacia 08354900"
7,2007,283,37,"Lemitar",34.1670457032,-106.889953039,"Center well ground EMLID","San Acacia Reach",8354900,"Rio Grande Floodway at San Acacia 08354900"
7,2008,766,29,"Lemitar",34.1670457032,-106.889953039,"Center well ground EMLID","San Acacia Reach",8354900,"Rio Grande Floodway at San Acacia 08354900"
7,2009,684,33,"Lemitar",34.1670457032,-106.889953039,"Center well ground EMLID","San Acacia Reach",8354900,"Rio Grande Floodway at San Acacia 08354900"
7,2010,411,35,"Lemitar",34.1670457032,-106.889953039,"Center well ground EMLID","San Acacia Reach",8354900,"Rio Grande Floodway at San Acacia 08354900"
7,2011,179,36,"Lemitar",34.1670457032,-106.889953039,"Center well ground EMLID","San Acacia Reach",8354900,"Rio Grande Floodway at San Acacia 08354900"
7,2012,152,41,"Lemitar",34.1670457032,-106.889953039,"Center well ground EMLID","San Acacia Reach",8354900,"Rio Grande Floodway at San Acacia 08354900"
7,2013,202,52,"Lemitar",34.1670457032,-106.889953039,"Center well ground EMLID","San Acacia Reach",8354900,"Rio Grande Floodway at San Acacia 08354900"
7,2014,168,39,"Lemitar",34.1670457032,-106.889953039,"Center well ground EMLID","San Acacia Reach",8354900,"Rio Grande Floodway at San Acacia 08354900"
7,2015,327,54,"Lemitar",34.1670457032,-106.889953039,"Center well ground EMLID","San Acacia Reach",8354900,"Rio Grande Floodway at San Acacia 08354900"
7,2016,229,56,"Lemitar",34.1670457032,-106.889953039,"Center well ground EMLID","San Acacia Reach",8354900,"Rio Grande Floodway at San Acacia 08354900"
7,2017,51,29,"Lemitar",34.1670457032,-106.889953039,"Center well ground EMLID","San Acacia Reach",8354900,"Rio Grande Floodway at San Acacia 08354900"
7,2018,112,43,"Lemitar",34.1670457032,-106.889953039,"Center well ground EMLID","San Acacia Reach",8354900,"Rio Grande Floodway at San Acacia 08354900"
7,2019,137,32,"Lemitar",34.1670457032,-106.889953039,"Center well ground EMLID","San Acacia Reach",8354900,"Rio Grande Floodway at San Acacia 08354900"
7,2020,113,34,"Lemitar",34.1670457032,-106.889953039,"Center well ground EMLID","San Acacia Reach",8354900,"Rio Grande Floodway at San Acacia 08354900"
7,2021,277,41,"Lemitar",34.1670457032,-106.889953039,"Center well ground EMLID","San Acacia Reach",8354900,"Rio Grande Floodway at San Acacia 08354900"
8,2002,182,35,"Hispanic Cultural Center",35.0688083802,-106.65807622,"Center well ground EMLID","Angostura Reach",8330000,"Rio Grande at Albuquerque 08330000"
8,2003,186,42,"Hispanic Cultural Center",35.0688083802,-106.65807622,"Center well ground EMLID","Angostura Reach",8330000,"Rio Grande at Albuquerque 08330000"
8,2004,1888,44,"Hispanic Cultural Center",35.0688083802,-106.65807622,"Center well ground EMLID","Angostura Reach",8330000,"Rio Grande at Albuquerque 08330000"
8,2005,173,40,"Hispanic Cultural Center",35.0688083802,-106.65807622,"Center well ground EMLID","Angostura Reach",8330000,"Rio Grande at Albuquerque 08330000"
8,2006,181,38,"Hispanic Cultural Center",35.0688083802,-106.65807622,"Center well ground EMLID","Angostura Reach",8330000,"Rio Grande at Albuquerque 08330000"
8,2007,180,37,"Hispanic Cultural Center",35.0688083802,-106.65807622,"Center well ground EMLID","Angostura Reach",8330000,"Rio Grande at Albuquerque 08330000"
8,2008,164,38,"Hispanic Cultural Center",35.0688083802,-106.65807622,"Center well ground EMLID","Angostura Reach",8330000,"Rio Grande at Albuquerque 08330000"
8,2009,144,36,"Hispanic Cultural Center",35.0688083802,-106.65807622,"Center well ground EMLID","Angostura Reach",8330000,"Rio Grande at Albuquerque 08330000"
8,2010,513,47,"Hispanic Cultural Center",35.0688083802,-106.65807622,"Center well ground EMLID","Angostura Reach",8330000,"Rio Grande at Albuquerque 08330000"
8,2011,233,47,"Hispanic Cultural Center",35.0688083802,-106.65807622,"Center well ground EMLID","Angostura Reach",8330000,"Rio Grande at Albuquerque 08330000"
8,2012,268,54,"Hispanic Cultural Center",35.0688083802,-106.65807622,"Center well ground EMLID","Angostura Reach",8330000,"Rio Grande at Albuquerque 08330000"
8,2013,423,51,"Hispanic Cultural Center",35.0688083802,-106.65807622,"Center well ground EMLID","Angostura Reach",8330000,"Rio Grande at Albuquerque 08330000"
8,2014,270,50,"Hispanic Cultural Center",35.0688083802,-106.65807622,"Center well ground EMLID","Angostura Reach",8330000,"Rio Grande at Albuquerque 08330000"
8,2015,394,50,"Hispanic Cultural Center",35.0688083802,-106.65807622,"Center well ground EMLID","Angostura Reach",8330000,"Rio Grande at Albuquerque 08330000"
8,2016,284,42,"Hispanic Cultural Center",35.0688083802,-106.65807622,"Center well ground EMLID","Angostura Reach",8330000,"Rio Grande at Albuquerque 08330000"
8,2017,333,58,"Hispanic Cultural Center",35.0688083802,-106.65807622,"Center well ground EMLID","Angostura Reach",8330000,"Rio Grande at Albuquerque 08330000"
8,2018,311,65,"Hispanic Cultural Center",35.0688083802,-106.65807622,"Center well ground EMLID","Angostura Reach",8330000,"Rio Grande at Albuquerque 08330000"
8,2019,244,49,"Hispanic Cultural Center",35.0688083802,-106.65807622,"Center well ground EMLID","Angostura Reach",8330000,"Rio Grande at Albuquerque 08330000"
8,2020,240,40,"Hispanic Cultural Center",35.0688083802,-106.65807622,"Center well ground EMLID","Angostura Reach",8330000,"Rio Grande at Albuquerque 08330000"
8,2021,273,51,"Hispanic Cultural Center",35.0688083802,-106.65807622,"Center well ground EMLID","Angostura Reach",8330000,"Rio Grande at Albuquerque 08330000"
9,2002,208,35,"Ohkay Owingeh",36.0618,-106.0761,"Est from map","Cochiti Reach",8313000,"Rio Grande at Otowi Bridge 8313000"
9,2003,299,31,"Ohkay Owingeh",36.0618,-106.0761,"Est from map","Cochiti Reach",8313000,"Rio Grande at Otowi Bridge 8313000"
9,2004,397,43,"Ohkay Owingeh",36.0618,-106.0761,"Est from map","Cochiti Reach",8313000,"Rio Grande at Otowi Bridge 8313000"
9,2005,1805,38,"Ohkay Owingeh",36.0618,-106.0761,"Est from map","Cochiti Reach",8313000,"Rio Grande at Otowi Bridge 8313000"
9,2006,210,33,"Ohkay Owingeh",36.0618,-106.0761,"Est from map","Cochiti Reach",8313000,"Rio Grande at Otowi Bridge 8313000"
9,2007,211,23,"Ohkay Owingeh",36.0618,-106.0761,"Est from map","Cochiti Reach",8313000,"Rio Grande at Otowi Bridge 8313000"
9,2008,223,28,"Ohkay Owingeh",36.0618,-106.0761,"Est from map","Cochiti Reach",8313000,"Rio Grande at Otowi Bridge 8313000"
9,2009,205,34,"Ohkay Owingeh",36.0618,-106.0761,"Est from map","Cochiti Reach",8313000,"Rio Grande at Otowi Bridge 8313000"
9,2010,275,35,"Ohkay Owingeh",36.0618,-106.0761,"Est from map","Cochiti Reach",8313000,"Rio Grande at Otowi Bridge 8313000"
9,2011,187,37,"Ohkay Owingeh",36.0618,-106.0761,"Est from map","Cochiti Reach",8313000,"Rio Grande at Otowi Bridge 8313000"
9,2012,296,46,"Ohkay Owingeh",36.0618,-106.0761,"Est from map","Cochiti Reach",8313000,"Rio Grande at Otowi Bridge 8313000"
9,2013,191,38,"Ohkay Owingeh",36.0618,-106.0761,"Est from map","Cochiti Reach",8313000,"Rio Grande at Otowi Bridge 8313000"
9,2014,297,41,"Ohkay Owingeh",36.0618,-106.0761,"Est from map","Cochiti Reach",8313000,"Rio Grande at Otowi Bridge 8313000"
9,2015,172,35,"Ohkay Owingeh",36.0618,-106.0761,"Est from map","Cochiti Reach",8313000,"Rio Grande at Otowi Bridge 8313000"
10,2003,212,36,"Diversion",35.1916189224,-106.643382687,"Center well ground EMLID","Angostura Reach",8330000,"Rio Grande at Albuquerque 08330000"
10,2004,97,33,"Diversion",35.1916189224,-106.643382687,"Center well ground EMLID","Angostura Reach",8330000,"Rio Grande at Albuquerque 08330000"
10,2005,381,39,"Diversion",35.1916189224,-106.643382687,"Center well ground EMLID","Angostura Reach",8330000,"Rio Grande at Albuquerque 08330000"
10,2006,199,43,"Diversion",35.1916189224,-106.643382687,"Center well ground EMLID","Angostura Reach",8330000,"Rio Grande at Albuquerque 08330000"
10,2007,346,43,"Diversion",35.1916189224,-106.643382687,"Center well ground EMLID","Angostura Reach",8330000,"Rio Grande at Albuquerque 08330000"
10,2008,163,31,"Diversion",35.1916189224,-106.643382687,"Center well ground EMLID","Angostura Reach",8330000,"Rio Grande at Albuquerque 08330000"
10,2009,165,45,"Diversion",35.1916189224,-106.643382687,"Center well ground EMLID","Angostura Reach",8330000,"Rio Grande at Albuquerque 08330000"
10,2010,231,43,"Diversion",35.1916189224,-106.643382687,"Center well ground EMLID","Angostura Reach",8330000,"Rio Grande at Albuquerque 08330000"
10,2011,264,44,"Diversion",35.1916189224,-106.643382687,"Center well ground EMLID","Angostura Reach",8330000,"Rio Grande at Albuquerque 08330000"
10,2012,204,48,"Diversion",35.1916189224,-106.643382687,"Center well ground EMLID","Angostura Reach",8330000,"Rio Grande at Albuquerque 08330000"
10,2013,236,48,"Diversion",35.1916189224,-106.643382687,"Center well ground EMLID","Angostura Reach",8330000,"Rio Grande at Albuquerque 08330000"
10,2016,350,69,"Diversion",35.1916189224,-106.643382687,"Center well ground EMLID","Angostura Reach",8330000,"Rio Grande at Albuquerque 08330000"
10,2017,270,66,"Diversion",35.1916189224,-106.643382687,"Center well ground EMLID","Angostura Reach",8330000,"Rio Grande at Albuquerque 08330000"
11,2003,54,17,"Calabacillas",35.1946222612,-106.646350963,"Center well ground EMLID","Angostura Reach",8330000,"Rio Grande at Albuquerque 08330000"
11,2004,184,34,"Calabacillas",35.1946222612,-106.646350963,"Center well ground EMLID","Angostura Reach",8330000,"Rio Grande at Albuquerque 08330000"
11,2005,234,32,"Calabacillas",35.1946222612,-106.646350963,"Center well ground EMLID","Angostura Reach",8330000,"Rio Grande at Albuquerque 08330000"
11,2006,179,34,"Calabacillas",35.1946222612,-106.646350963,"Center well ground EMLID","Angostura Reach",8330000,"Rio Grande at Albuquerque 08330000"
11,2007,317,45,"Calabacillas",35.1946222612,-106.646350963,"Center well ground EMLID","Angostura Reach",8330000,"Rio Grande at Albuquerque 08330000"
11,2008,280,41,"Calabacillas",35.1946222612,-106.646350963,"Center well ground EMLID","Angostura Reach",8330000,"Rio Grande at Albuquerque 08330000"
11,2009,162,43,"Calabacillas",35.1946222612,-106.646350963,"Center well ground EMLID","Angostura Reach",8330000,"Rio Grande at Albuquerque 08330000"
11,2010,289,47,"Calabacillas",35.1946222612,-106.646350963,"Center well ground EMLID","Angostura Reach",8330000,"Rio Grande at Albuquerque 08330000"
11,2011,194,38,"Calabacillas",35.1946222612,-106.646350963,"Center well ground EMLID","Angostura Reach",8330000,"Rio Grande at Albuquerque 08330000"
11,2012,276,52,"Calabacillas",35.1946222612,-106.646350963,"Center well ground EMLID","Angostura Reach",8330000,"Rio Grande at Albuquerque 08330000"
11,2013,229,37,"Calabacillas",35.1946222612,-106.646350963,"Center well ground EMLID","Angostura Reach",8330000,"Rio Grande at Albuquerque 08330000"
11,2016,445,57,"Calabacillas",35.1946222612,-106.646350963,"Center well ground EMLID","Angostura Reach",8330000,"Rio Grande at Albuquerque 08330000"
11,2017,683,26,"Calabacillas",35.1946222612,-106.646350963,"Center well ground EMLID","Angostura Reach",8330000,"Rio Grande at Albuquerque 08330000"
12,2007,585,45,"Minnow",35.1972256042,-106.644122231,"Center well ground EMLID","Angostura Reach",8330000,"Rio Grande at Albuquerque 08330000"
12,2008,375,45,"Minnow",35.1972256042,-106.644122231,"Center well ground EMLID","Angostura Reach",8330000,"Rio Grande at Albuquerque 08330000"
12,2009,338,46,"Minnow",35.1972256042,-106.644122231,"Center well ground EMLID","Angostura Reach",8330000,"Rio Grande at Albuquerque 08330000"
12,2010,265,43,"Minnow",35.1972256042,-106.644122231,"Center well ground EMLID","Angostura Reach",8330000,"Rio Grande at Albuquerque 08330000"
12,2011,406,42,"Minnow",35.1972256042,-106.644122231,"Center well ground EMLID","Angostura Reach",8330000,"Rio Grande at Albuquerque 08330000"
12,2012,396,51,"Minnow",35.1972256042,-106.644122231,"Center well ground EMLID","Angostura Reach",8330000,"Rio Grande at Albuquerque 08330000"
12,2013,219,45,"Minnow",35.1972256042,-106.644122231,"Center well ground EMLID","Angostura Reach",8330000,"Rio Grande at Albuquerque 08330000"
12,2014,422,50,"Minnow",35.1972256042,-106.644122231,"Center well ground EMLID","Angostura Reach",8330000,"Rio Grande at Albuquerque 08330000"
12,2015,333,49,"Minnow",35.1972256042,-106.644122231,"Center well ground EMLID","Angostura Reach",8330000,"Rio Grande at Albuquerque 08330000"
12,2016,322,46,"Minnow",35.1972256042,-106.644122231,"Center well ground EMLID","Angostura Reach",8330000,"Rio Grande at Albuquerque 08330000"
12,2017,458,45,"Minnow",35.1972256042,-106.644122231,"Center well ground EMLID","Angostura Reach",8330000,"Rio Grande at Albuquerque 08330000"
12,2018,152,34,"Minnow",35.1972256042,-106.644122231,"Center well ground EMLID","Angostura Reach",8330000,"Rio Grande at Albuquerque 08330000"
12,2019,244,59,"Minnow",35.1972256042,-106.644122231,"Center well ground EMLID","Angostura Reach",8330000,"Rio Grande at Albuquerque 08330000"
12,2020,318,36,"Minnow",35.1972256042,-106.644122231,"Center well ground EMLID","Angostura Reach",8330000,"Rio Grande at Albuquerque 08330000"
12,2021,227,55,"Minnow",35.1972256042,-106.644122231,"Center well ground EMLID","Angostura Reach",8330000,"Rio Grande at Albuquerque 08330000"
13,2003,171,36,"Harrison",35.0150622305,-106.673722917,"Center well ground EMLID","Angostura Reach",8330000,"Rio Grande at Albuquerque 08330000"
13,2004,171,40,"Harrison",35.0150622305,-106.673722917,"Center well ground EMLID","Angostura Reach",8330000,"Rio Grande at Albuquerque 08330000"
13,2005,99,22,"Harrison",35.0150622305,-106.673722917,"Center well ground EMLID","Angostura Reach",8330000,"Rio Grande at Albuquerque 08330000"
13,2006,164,35,"Harrison",35.0150622305,-106.673722917,"Center well ground EMLID","Angostura Reach",8330000,"Rio Grande at Albuquerque 08330000"
13,2007,337,43,"Harrison",35.0150622305,-106.673722917,"Center well ground EMLID","Angostura Reach",8330000,"Rio Grande at Albuquerque 08330000"
13,2008,213,24,"Harrison",35.0150622305,-106.673722917,"Center well ground EMLID","Angostura Reach",8330000,"Rio Grande at Albuquerque 08330000"
13,2009,231,33,"Harrison",35.0150622305,-106.673722917,"Center well ground EMLID","Angostura Reach",8330000,"Rio Grande at Albuquerque 08330000"
13,2010,208,33,"Harrison",35.0150622305,-106.673722917,"Center well ground EMLID","Angostura Reach",8330000,"Rio Grande at Albuquerque 08330000"
13,2011,505,48,"Harrison",35.0150622305,-106.673722917,"Center well ground EMLID","Angostura Reach",8330000,"Rio Grande at Albuquerque 08330000"
13,2012,260,47,"Harrison",35.0150622305,-106.673722917,"Center well ground EMLID","Angostura Reach",8330000,"Rio Grande at Albuquerque 08330000"
13,2013,386,38,"Harrison",35.0150622305,-106.673722917,"Center well ground EMLID","Angostura Reach",8330000,"Rio Grande at Albuquerque 08330000"
13,2014,244,50,"Harrison",35.0150622305,-106.673722917,"Center well ground EMLID","Angostura Reach",8330000,"Rio Grande at Albuquerque 08330000"
13,2015,347,51,"Harrison",35.0150622305,-106.673722917,"Center well ground EMLID","Angostura Reach",8330000,"Rio Grande at Albuquerque 08330000"
13,2016,245,57,"Harrison",35.0150622305,-106.673722917,"Center well ground EMLID","Angostura Reach",8330000,"Rio Grande at Albuquerque 08330000"
13,2017,480,33,"Harrison",35.0150622305,-106.673722917,"Center well ground EMLID","Angostura Reach",8330000,"Rio Grande at Albuquerque 08330000"
13,2018,344,48,"Harrison",35.0150622305,-106.673722917,"Center well ground EMLID","Angostura Reach",8330000,"Rio Grande at Albuquerque 08330000"
13,2019,287,58,"Harrison",35.0150622305,-106.673722917,"Center well ground EMLID","Angostura Reach",8330000,"Rio Grande at Albuquerque 08330000"
13,2020,246,45,"Harrison",35.0150622305,-106.673722917,"Center well ground EMLID","Angostura Reach",8330000,"Rio Grande at Albuquerque 08330000"
13,2021,350,52,"Harrison",35.0150622305,-106.673722917,"Center well ground EMLID","Angostura Reach",8330000,"Rio Grande at Albuquerque 08330000"
14,2004,134,33,"Sevilleta",34.2586573236,-106.883372761,"Center well ground EMLID","San Acacia Reach",8354900,"Rio Grande Floodway at San Acacia 08354900"
14,2005,186,31,"Sevilleta",34.2586573236,-106.883372761,"Center well ground EMLID","San Acacia Reach",8354900,"Rio Grande Floodway at San Acacia 08354900"
14,2006,204,29,"Sevilleta",34.2586573236,-106.883372761,"Center well ground EMLID","San Acacia Reach",8354900,"Rio Grande Floodway at San Acacia 08354900"
14,2007,371,36,"Sevilleta",34.2586573236,-106.883372761,"Center well ground EMLID","San Acacia Reach",8354900,"Rio Grande Floodway at San Acacia 08354900"
14,2008,379,29,"Sevilleta",34.2586573236,-106.883372761,"Center well ground EMLID","San Acacia Reach",8354900,"Rio Grande Floodway at San Acacia 08354900"
14,2009,329,25,"Sevilleta",34.2586573236,-106.883372761,"Center well ground EMLID","San Acacia Reach",8354900,"Rio Grande Floodway at San Acacia 08354900"
14,2010,362,39,"Sevilleta",34.2586573236,-106.883372761,"Center well ground EMLID","San Acacia Reach",8354900,"Rio Grande Floodway at San Acacia 08354900"
14,2011,155,35,"Sevilleta",34.2586573236,-106.883372761,"Center well ground EMLID","San Acacia Reach",8354900,"Rio Grande Floodway at San Acacia 08354900"
14,2012,428,40,"Sevilleta",34.2586573236,-106.883372761,"Center well ground EMLID","San Acacia Reach",8354900,"Rio Grande Floodway at San Acacia 08354900"
14,2013,122,26,"Sevilleta",34.2586573236,-106.883372761,"Center well ground EMLID","San Acacia Reach",8354900,"Rio Grande Floodway at San Acacia 08354900"
14,2014,204,37,"Sevilleta",34.2586573236,-106.883372761,"Center well ground EMLID","San Acacia Reach",8354900,"Rio Grande Floodway at San Acacia 08354900"
14,2015,334,48,"Sevilleta",34.2586573236,-106.883372761,"Center well ground EMLID","San Acacia Reach",8354900,"Rio Grande Floodway at San Acacia 08354900"
14,2016,402,38,"Sevilleta",34.2586573236,-106.883372761,"Center well ground EMLID","San Acacia Reach",8354900,"Rio Grande Floodway at San Acacia 08354900"
14,2017,411,41,"Sevilleta",34.2586573236,-106.883372761,"Center well ground EMLID","San Acacia Reach",8354900,"Rio Grande Floodway at San Acacia 08354900"
14,2018,117,34,"Sevilleta",34.2586573236,-106.883372761,"Center well ground EMLID","San Acacia Reach",8354900,"Rio Grande Floodway at San Acacia 08354900"
14,2019,809,39,"Sevilleta",34.2586573236,-106.883372761,"Center well ground EMLID","San Acacia Reach",8354900,"Rio Grande Floodway at San Acacia 08354900"
14,2020,312,38,"Sevilleta",34.2586573236,-106.883372761,"Center well ground EMLID","San Acacia Reach",8354900,"Rio Grande Floodway at San Acacia 08354900"
14,2021,279,49,"Sevilleta",34.2586573236,-106.883372761,"Center well ground EMLID","San Acacia Reach",8354900,"Rio Grande Floodway at San Acacia 08354900"
15,2003,255,23,"Valencia Cleared",34.6486505386211,-106.739180486447,"Center well ground EMLID","Isleta Reach",8331510,"1) Rio Grande at State Hwy 346 near Bosque 08331510 from 10/2005 to present 2) Rio Grande Floodway Near Bernardo 08332010 from beginning to 10/2005"
15,2004,1353,35,"Valencia Cleared",34.6486505386211,-106.739180486447,"Center well ground EMLID","Isleta Reach",8331510,"1) Rio Grande at State Hwy 346 near Bosque 08331510 from 10/2005 to present 2) Rio Grande Floodway Near Bernardo 08332010 from beginning to 10/2005"
15,2005,348,28,"Valencia Cleared",34.6486505386211,-106.739180486447,"Center well ground EMLID","Isleta Reach",8331510,"1) Rio Grande at State Hwy 346 near Bosque 08331510 from 10/2005 to present 2) Rio Grande Floodway Near Bernardo 08332010 from beginning to 10/2005"
15,2006,518,37,"Valencia Cleared",34.6486505386211,-106.739180486447,"Center well ground EMLID","Isleta Reach",8331510,"1) Rio Grande at State Hwy 346 near Bosque 08331510 from 10/2005 to present 2) Rio Grande Floodway Near Bernardo 08332010 from beginning to 10/2005"
15,2007,1000,38,"Valencia Cleared",34.6486505386211,-106.739180486447,"Center well ground EMLID","Isleta Reach",8331510,"1) Rio Grande at State Hwy 346 near Bosque 08331510 from 10/2005 to present 2) Rio Grande Floodway Near Bernardo 08332010 from beginning to 10/2005"
15,2008,428,35,"Valencia Cleared",34.6486505386211,-106.739180486447,"Center well ground EMLID","Isleta Reach",8331510,"1) Rio Grande at State Hwy 346 near Bosque 08331510 from 10/2005 to present 2) Rio Grande Floodway Near Bernardo 08332010 from beginning to 10/2005"
15,2009,602,37,"Valencia Cleared",34.6486505386211,-106.739180486447,"Center well ground EMLID","Isleta Reach",8331510,"1) Rio Grande at State Hwy 346 near Bosque 08331510 from 10/2005 to present 2) Rio Grande Floodway Near Bernardo 08332010 from beginning to 10/2005"
15,2010,648,43,"Valencia Cleared",34.6486505386211,-106.739180486447,"Center well ground EMLID","Isleta Reach",8331510,"1) Rio Grande at State Hwy 346 near Bosque 08331510 from 10/2005 to present 2) Rio Grande Floodway Near Bernardo 08332010 from beginning to 10/2005"
15,2011,447,45,"Valencia Cleared",34.6486505386211,-106.739180486447,"Center well ground EMLID","Isleta Reach",8331510,"1) Rio Grande at State Hwy 346 near Bosque 08331510 from 10/2005 to present 2) Rio Grande Floodway Near Bernardo 08332010 from beginning to 10/2005"
15,2012,1341,46,"Valencia Cleared",34.6486505386211,-106.739180486447,"Center well ground EMLID","Isleta Reach",8331510,"1) Rio Grande at State Hwy 346 near Bosque 08331510 from 10/2005 to present 2) Rio Grande Floodway Near Bernardo 08332010 from beginning to 10/2005"
15,2013,340,48,"Valencia Cleared",34.6486505386211,-106.739180486447,"Center well ground EMLID","Isleta Reach",8331510,"1) Rio Grande at State Hwy 346 near Bosque 08331510 from 10/2005 to present 2) Rio Grande Floodway Near Bernardo 08332010 from beginning to 10/2005"
15,2014,823,38,"Valencia Cleared",34.6486505386211,-106.739180486447,"Center well ground EMLID","Isleta Reach",8331510,"1) Rio Grande at State Hwy 346 near Bosque 08331510 from 10/2005 to present 2) Rio Grande Floodway Near Bernardo 08332010 from beginning to 10/2005"
15,2015,955,46,"Valencia Cleared",34.6486505386211,-106.739180486447,"Center well ground EMLID","Isleta Reach",8331510,"1) Rio Grande at State Hwy 346 near Bosque 08331510 from 10/2005 to present 2) Rio Grande Floodway Near Bernardo 08332010 from beginning to 10/2005"
15,2016,2948,41,"Valencia Cleared",34.6486505386211,-106.739180486447,"Center well ground EMLID","Isleta Reach",8331510,"1) Rio Grande at State Hwy 346 near Bosque 08331510 from 10/2005 to present 2) Rio Grande Floodway Near Bernardo 08332010 from beginning to 10/2005"
15,2017,424,32,"Valencia Cleared",34.6486505386211,-106.739180486447,"Center well ground EMLID","Isleta Reach",8331510,"1) Rio Grande at State Hwy 346 near Bosque 08331510 from 10/2005 to present 2) Rio Grande Floodway Near Bernardo 08332010 from beginning to 10/2005"
15,2018,816,47,"Valencia Cleared",34.6486505386211,-106.739180486447,"Center well ground EMLID","Isleta Reach",8331510,"1) Rio Grande at State Hwy 346 near Bosque 08331510 from 10/2005 to present 2) Rio Grande Floodway Near Bernardo 08332010 from beginning to 10/2005"
15,2019,550,25,"Valencia Cleared",34.6486505386211,-106.739180486447,"Center well ground EMLID","Isleta Reach",8331510,"1) Rio Grande at State Hwy 346 near Bosque 08331510 from 10/2005 to present 2) Rio Grande Floodway Near Bernardo 08332010 from beginning to 10/2005"
15,2020,725,34,"Valencia Cleared",34.6486505386211,-106.739180486447,"Center well ground EMLID","Isleta Reach",8331510,"1) Rio Grande at State Hwy 346 near Bosque 08331510 from 10/2005 to present 2) Rio Grande Floodway Near Bernardo 08332010 from beginning to 10/2005"
15,2021,303,39,"Valencia Cleared",34.6486505386211,-106.739180486447,"Center well ground EMLID","Isleta Reach",8331510,"1) Rio Grande at State Hwy 346 near Bosque 08331510 from 10/2005 to present 2) Rio Grande Floodway Near Bernardo 08332010 from beginning to 10/2005"
16,2004,305,35,"Valencia Forest",34.6472147233729,-106.738922864063,"Center well ground EMLID","Isleta Reach",8331510,"1) Rio Grande at State Hwy 346 near Bosque 08331510 from 10/2005 to present 2) Rio Grande Floodway Near Bernardo 08332010 from beginning to 10/2005"
16,2005,383,33,"Valencia Forest",34.6472147233729,-106.738922864063,"Center well ground EMLID","Isleta Reach",8331510,"1) Rio Grande at State Hwy 346 near Bosque 08331510 from 10/2005 to present 2) Rio Grande Floodway Near Bernardo 08332010 from beginning to 10/2005"
16,2006,344,34,"Valencia Forest",34.6472147233729,-106.738922864063,"Center well ground EMLID","Isleta Reach",8331510,"1) Rio Grande at State Hwy 346 near Bosque 08331510 from 10/2005 to present 2) Rio Grande Floodway Near Bernardo 08332010 from beginning to 10/2005"
16,2007,459,33,"Valencia Forest",34.6472147233729,-106.738922864063,"Center well ground EMLID","Isleta Reach",8331510,"1) Rio Grande at State Hwy 346 near Bosque 08331510 from 10/2005 to present 2) Rio Grande Floodway Near Bernardo 08332010 from beginning to 10/2005"
16,2008,265,34,"Valencia Forest",34.6472147233729,-106.738922864063,"Center well ground EMLID","Isleta Reach",8331510,"1) Rio Grande at State Hwy 346 near Bosque 08331510 from 10/2005 to present 2) Rio Grande Floodway Near Bernardo 08332010 from beginning to 10/2005"
16,2009,165,50,"Valencia Forest",34.6472147233729,-106.738922864063,"Center well ground EMLID","Isleta Reach",8331510,"1) Rio Grande at State Hwy 346 near Bosque 08331510 from 10/2005 to present 2) Rio Grande Floodway Near Bernardo 08332010 from beginning to 10/2005"
16,2010,583,50,"Valencia Forest",34.6472147233729,-106.738922864063,"Center well ground EMLID","Isleta Reach",8331510,"1) Rio Grande at State Hwy 346 near Bosque 08331510 from 10/2005 to present 2) Rio Grande Floodway Near Bernardo 08332010 from beginning to 10/2005"
16,2011,180,44,"Valencia Forest",34.6472147233729,-106.738922864063,"Center well ground EMLID","Isleta Reach",8331510,"1) Rio Grande at State Hwy 346 near Bosque 08331510 from 10/2005 to present 2) Rio Grande Floodway Near Bernardo 08332010 from beginning to 10/2005"
16,2012,296,53,"Valencia Forest",34.6472147233729,-106.738922864063,"Center well ground EMLID","Isleta Reach",8331510,"1) Rio Grande at State Hwy 346 near Bosque 08331510 from 10/2005 to present 2) Rio Grande Floodway Near Bernardo 08332010 from beginning to 10/2005"
16,2013,142,49,"Valencia Forest",34.6472147233729,-106.738922864063,"Center well ground EMLID","Isleta Reach",8331510,"1) Rio Grande at State Hwy 346 near Bosque 08331510 from 10/2005 to present 2) Rio Grande Floodway Near Bernardo 08332010 from beginning to 10/2005"
16,2014,664,60,"Valencia Forest",34.6472147233729,-106.738922864063,"Center well ground EMLID","Isleta Reach",8331510,"1) Rio Grande at State Hwy 346 near Bosque 08331510 from 10/2005 to present 2) Rio Grande Floodway Near Bernardo 08332010 from beginning to 10/2005"
16,2015,3141,62,"Valencia Forest",34.6472147233729,-106.738922864063,"Center well ground EMLID","Isleta Reach",8331510,"1) Rio Grande at State Hwy 346 near Bosque 08331510 from 10/2005 to present 2) Rio Grande Floodway Near Bernardo 08332010 from beginning to 10/2005"
16,2016,520,56,"Valencia Forest",34.6472147233729,-106.738922864063,"Center well ground EMLID","Isleta Reach",8331510,"1) Rio Grande at State Hwy 346 near Bosque 08331510 from 10/2005 to present 2) Rio Grande Floodway Near Bernardo 08332010 from beginning to 10/2005"
16,2017,339,61,"Valencia Forest",34.6472147233729,-106.738922864063,"Center well ground EMLID","Isleta Reach",8331510,"1) Rio Grande at State Hwy 346 near Bosque 08331510 from 10/2005 to present 2) Rio Grande Floodway Near Bernardo 08332010 from beginning to 10/2005"
16,2018,403,49,"Valencia Forest",34.6472147233729,-106.738922864063,"Center well ground EMLID","Isleta Reach",8331510,"1) Rio Grande at State Hwy 346 near Bosque 08331510 from 10/2005 to present 2) Rio Grande Floodway Near Bernardo 08332010 from beginning to 10/2005"
16,2019,560,44,"Valencia Forest",34.6472147233729,-106.738922864063,"Center well ground EMLID","Isleta Reach",8331510,"1) Rio Grande at State Hwy 346 near Bosque 08331510 from 10/2005 to present 2) Rio Grande Floodway Near Bernardo 08332010 from beginning to 10/2005"
16,2020,701,52,"Valencia Forest",34.6472147233729,-106.738922864063,"Center well ground EMLID","Isleta Reach",8331510,"1) Rio Grande at State Hwy 346 near Bosque 08331510 from 10/2005 to present 2) Rio Grande Floodway Near Bernardo 08332010 from beginning to 10/2005"
16,2021,170,49,"Valencia Forest",34.6472147233729,-106.738922864063,"Center well ground EMLID","Isleta Reach",8331510,"1) Rio Grande at State Hwy 346 near Bosque 08331510 from 10/2005 to present 2) Rio Grande Floodway Near Bernardo 08332010 from beginning to 10/2005"
17,2004,61,13,"Montano",35.1452628545,-106.680332705,"Center well ground EMLID","Angostura Reach",8330000,"Rio Grande at Albuquerque 08330000"
17,2005,328,37,"Montano",35.1452628545,-106.680332705,"Center well ground EMLID","Angostura Reach",8330000,"Rio Grande at Albuquerque 08330000"
17,2006,132,35,"Montano",35.1452628545,-106.680332705,"Center well ground EMLID","Angostura Reach",8330000,"Rio Grande at Albuquerque 08330000"
17,2007,229,44,"Montano",35.1452628545,-106.680332705,"Center well ground EMLID","Angostura Reach",8330000,"Rio Grande at Albuquerque 08330000"
17,2008,278,48,"Montano",35.1452628545,-106.680332705,"Center well ground EMLID","Angostura Reach",8330000,"Rio Grande at Albuquerque 08330000"
17,2009,282,50,"Montano",35.1452628545,-106.680332705,"Center well ground EMLID","Angostura Reach",8330000,"Rio Grande at Albuquerque 08330000"
17,2010,312,51,"Montano",35.1452628545,-106.680332705,"Center well ground EMLID","Angostura Reach",8330000,"Rio Grande at Albuquerque 08330000"
17,2011,444,51,"Montano",35.1452628545,-106.680332705,"Center well ground EMLID","Angostura Reach",8330000,"Rio Grande at Albuquerque 08330000"
17,2012,339,63,"Montano",35.1452628545,-106.680332705,"Center well ground EMLID","Angostura Reach",8330000,"Rio Grande at Albuquerque 08330000"
17,2013,249,50,"Montano",35.1452628545,-106.680332705,"Center well ground EMLID","Angostura Reach",8330000,"Rio Grande at Albuquerque 08330000"
17,2014,258,62,"Montano",35.1452628545,-106.680332705,"Center well ground EMLID","Angostura Reach",8330000,"Rio Grande at Albuquerque 08330000"
17,2015,296,70,"Montano",35.1452628545,-106.680332705,"Center well ground EMLID","Angostura Reach",8330000,"Rio Grande at Albuquerque 08330000"
17,2016,293,56,"Montano",35.1452628545,-106.680332705,"Center well ground EMLID","Angostura Reach",8330000,"Rio Grande at Albuquerque 08330000"
17,2017,395,65,"Montano",35.1452628545,-106.680332705,"Center well ground EMLID","Angostura Reach",8330000,"Rio Grande at Albuquerque 08330000"
17,2018,299,52,"Montano",35.1452628545,-106.680332705,"Center well ground EMLID","Angostura Reach",8330000,"Rio Grande at Albuquerque 08330000"
17,2019,224,54,"Montano",35.1452628545,-106.680332705,"Center well ground EMLID","Angostura Reach",8330000,"Rio Grande at Albuquerque 08330000"
17,2020,479,54,"Montano",35.1452628545,-106.680332705,"Center well ground EMLID","Angostura Reach",8330000,"Rio Grande at Albuquerque 08330000"
17,2021,210,52,"Montano",35.1452628545,-106.680332705,"Center well ground EMLID","Angostura Reach",8330000,"Rio Grande at Albuquerque 08330000"
18,2004,193,20,"Reynolds Cleared",34.6567454384498,-106.738602216398,"Center well ground EMLID","Isleta Reach",8331510,"1) Rio Grande at State Hwy 346 near Bosque 08331510 from 10/2005 to present 2) Rio Grande Floodway Near Bernardo 08332010 from beginning to 10/2005"
18,2005,371,30,"Reynolds Cleared",34.6567454384498,-106.738602216398,"Center well ground EMLID","Isleta Reach",8331510,"1) Rio Grande at State Hwy 346 near Bosque 08331510 from 10/2005 to present 2) Rio Grande Floodway Near Bernardo 08332010 from beginning to 10/2005"
18,2006,726,36,"Reynolds Cleared",34.6567454384498,-106.738602216398,"Center well ground EMLID","Isleta Reach",8331510,"1) Rio Grande at State Hwy 346 near Bosque 08331510 from 10/2005 to present 2) Rio Grande Floodway Near Bernardo 08332010 from beginning to 10/2005"
18,2007,1350,41,"Reynolds Cleared",34.6567454384498,-106.738602216398,"Center well ground EMLID","Isleta Reach",8331510,"1) Rio Grande at State Hwy 346 near Bosque 08331510 from 10/2005 to present 2) Rio Grande Floodway Near Bernardo 08332010 from beginning to 10/2005"
18,2008,199,39,"Reynolds Cleared",34.6567454384498,-106.738602216398,"Center well ground EMLID","Isleta Reach",8331510,"1) Rio Grande at State Hwy 346 near Bosque 08331510 from 10/2005 to present 2) Rio Grande Floodway Near Bernardo 08332010 from beginning to 10/2005"
18,2009,3712,38,"Reynolds Cleared",34.6567454384498,-106.738602216398,"Center well ground EMLID","Isleta Reach",8331510,"1) Rio Grande at State Hwy 346 near Bosque 08331510 from 10/2005 to present 2) Rio Grande Floodway Near Bernardo 08332010 from beginning to 10/2005"
18,2010,1563,39,"Reynolds Cleared",34.6567454384498,-106.738602216398,"Center well ground EMLID","Isleta Reach",8331510,"1) Rio Grande at State Hwy 346 near Bosque 08331510 from 10/2005 to present 2) Rio Grande Floodway Near Bernardo 08332010 from beginning to 10/2005"
18,2011,292,44,"Reynolds Cleared",34.6567454384498,-106.738602216398,"Center well ground EMLID","Isleta Reach",8331510,"1) Rio Grande at State Hwy 346 near Bosque 08331510 from 10/2005 to present 2) Rio Grande Floodway Near Bernardo 08332010 from beginning to 10/2005"
18,2012,233,38,"Reynolds Cleared",34.6567454384498,-106.738602216398,"Center well ground EMLID","Isleta Reach",8331510,"1) Rio Grande at State Hwy 346 near Bosque 08331510 from 10/2005 to present 2) Rio Grande Floodway Near Bernardo 08332010 from beginning to 10/2005"
18,2013,154,45,"Reynolds Cleared",34.6567454384498,-106.738602216398,"Center well ground EMLID","Isleta Reach",8331510,"1) Rio Grande at State Hwy 346 near Bosque 08331510 from 10/2005 to present 2) Rio Grande Floodway Near Bernardo 08332010 from beginning to 10/2005"
18,2014,186,31,"Reynolds Cleared",34.6567454384498,-106.738602216398,"Center well ground EMLID","Isleta Reach",8331510,"1) Rio Grande at State Hwy 346 near Bosque 08331510 from 10/2005 to present 2) Rio Grande Floodway Near Bernardo 08332010 from beginning to 10/2005"
18,2016,546,51,"Reynolds Cleared",34.6567454384498,-106.738602216398,"Center well ground EMLID","Isleta Reach",8331510,"1) Rio Grande at State Hwy 346 near Bosque 08331510 from 10/2005 to present 2) Rio Grande Floodway Near Bernardo 08332010 from beginning to 10/2005"
18,2017,437,49,"Reynolds Cleared",34.6567454384498,-106.738602216398,"Center well ground EMLID","Isleta Reach",8331510,"1) Rio Grande at State Hwy 346 near Bosque 08331510 from 10/2005 to present 2) Rio Grande Floodway Near Bernardo 08332010 from beginning to 10/2005"
19,2004,137,23,"Reynolds Forest",34.6576114622675,-106.739436295579,"Center well ground EMLID","Isleta Reach",8331510,"1) Rio Grande at State Hwy 346 near Bosque 08331510 from 10/2005 to present 2) Rio Grande Floodway Near Bernardo 08332010 from beginning to 10/2005"
19,2005,292,26,"Reynolds Forest",34.6576114622675,-106.739436295579,"Center well ground EMLID","Isleta Reach",8331510,"1) Rio Grande at State Hwy 346 near Bosque 08331510 from 10/2005 to present 2) Rio Grande Floodway Near Bernardo 08332010 from beginning to 10/2005"
19,2006,887,28,"Reynolds Forest",34.6576114622675,-106.739436295579,"Center well ground EMLID","Isleta Reach",8331510,"1) Rio Grande at State Hwy 346 near Bosque 08331510 from 10/2005 to present 2) Rio Grande Floodway Near Bernardo 08332010 from beginning to 10/2005"
19,2007,487,32,"Reynolds Forest",34.6576114622675,-106.739436295579,"Center well ground EMLID","Isleta Reach",8331510,"1) Rio Grande at State Hwy 346 near Bosque 08331510 from 10/2005 to present 2) Rio Grande Floodway Near Bernardo 08332010 from beginning to 10/2005"
19,2008,258,30,"Reynolds Forest",34.6576114622675,-106.739436295579,"Center well ground EMLID","Isleta Reach",8331510,"1) Rio Grande at State Hwy 346 near Bosque 08331510 from 10/2005 to present 2) Rio Grande Floodway Near Bernardo 08332010 from beginning to 10/2005"
19,2009,301,30,"Reynolds Forest",34.6576114622675,-106.739436295579,"Center well ground EMLID","Isleta Reach",8331510,"1) Rio Grande at State Hwy 346 near Bosque 08331510 from 10/2005 to present 2) Rio Grande Floodway Near Bernardo 08332010 from beginning to 10/2005"
19,2010,154,29,"Reynolds Forest",34.6576114622675,-106.739436295579,"Center well ground EMLID","Isleta Reach",8331510,"1) Rio Grande at State Hwy 346 near Bosque 08331510 from 10/2005 to present 2) Rio Grande Floodway Near Bernardo 08332010 from beginning to 10/2005"
19,2011,232,34,"Reynolds Forest",34.6576114622675,-106.739436295579,"Center well ground EMLID","Isleta Reach",8331510,"1) Rio Grande at State Hwy 346 near Bosque 08331510 from 10/2005 to present 2) Rio Grande Floodway Near Bernardo 08332010 from beginning to 10/2005"
19,2012,171,34,"Reynolds Forest",34.6576114622675,-106.739436295579,"Center well ground EMLID","Isleta Reach",8331510,"1) Rio Grande at State Hwy 346 near Bosque 08331510 from 10/2005 to present 2) Rio Grande Floodway Near Bernardo 08332010 from beginning to 10/2005"
19,2013,262,42,"Reynolds Forest",34.6576114622675,-106.739436295579,"Center well ground EMLID","Isleta Reach",8331510,"1) Rio Grande at State Hwy 346 near Bosque 08331510 from 10/2005 to present 2) Rio Grande Floodway Near Bernardo 08332010 from beginning to 10/2005"
19,2016,613,46,"Reynolds Forest",34.6576114622675,-106.739436295579,"Center well ground EMLID","Isleta Reach",8331510,"1) Rio Grande at State Hwy 346 near Bosque 08331510 from 10/2005 to present 2) Rio Grande Floodway Near Bernardo 08332010 from beginning to 10/2005"
19,2017,394,28,"Reynolds Forest",34.6576114622675,-106.739436295579,"Center well ground EMLID","Isleta Reach",8331510,"1) Rio Grande at State Hwy 346 near Bosque 08331510 from 10/2005 to present 2) Rio Grande Floodway Near Bernardo 08332010 from beginning to 10/2005"
19,2018,283,49,"Reynolds Forest",34.6576114622675,-106.739436295579,"Center well ground EMLID","Isleta Reach",8331510,"1) Rio Grande at State Hwy 346 near Bosque 08331510 from 10/2005 to present 2) Rio Grande Floodway Near Bernardo 08332010 from beginning to 10/2005"
19,2019,325,49,"Reynolds Forest",34.6576114622675,-106.739436295579,"Center well ground EMLID","Isleta Reach",8331510,"1) Rio Grande at State Hwy 346 near Bosque 08331510 from 10/2005 to present 2) Rio Grande Floodway Near Bernardo 08332010 from beginning to 10/2005"
19,2020,448,56,"Reynolds Forest",34.6576114622675,-106.739436295579,"Center well ground EMLID","Isleta Reach",8331510,"1) Rio Grande at State Hwy 346 near Bosque 08331510 from 10/2005 to present 2) Rio Grande Floodway Near Bernardo 08332010 from beginning to 10/2005"
19,2021,249,52,"Reynolds Forest",34.6576114622675,-106.739436295579,"Center well ground EMLID","Isleta Reach",8331510,"1) Rio Grande at State Hwy 346 near Bosque 08331510 from 10/2005 to present 2) Rio Grande Floodway Near Bernardo 08332010 from beginning to 10/2005"
20,2005,606,27,"Route 66",35.1006512603,-106.691932797,"Center well ground EMLID","Angostura Reach",8330000,"Rio Grande at Albuquerque 08330000"
20,2006,258,34,"Route 66",35.1006512603,-106.691932797,"Center well ground EMLID","Angostura Reach",8330000,"Rio Grande at Albuquerque 08330000"
20,2007,199,37,"Route 66",35.1006512603,-106.691932797,"Center well ground EMLID","Angostura Reach",8330000,"Rio Grande at Albuquerque 08330000"
20,2008,138,28,"Route 66",35.1006512603,-106.691932797,"Center well ground EMLID","Angostura Reach",8330000,"Rio Grande at Albuquerque 08330000"
20,2009,186,37,"Route 66",35.1006512603,-106.691932797,"Center well ground EMLID","Angostura Reach",8330000,"Rio Grande at Albuquerque 08330000"
20,2010,210,40,"Route 66",35.1006512603,-106.691932797,"Center well ground EMLID","Angostura Reach",8330000,"Rio Grande at Albuquerque 08330000"
20,2011,302,46,"Route 66",35.1006512603,-106.691932797,"Center well ground EMLID","Angostura Reach",8330000,"Rio Grande at Albuquerque 08330000"
20,2012,301,48,"Route 66",35.1006512603,-106.691932797,"Center well ground EMLID","Angostura Reach",8330000,"Rio Grande at Albuquerque 08330000"
20,2013,2417,48,"Route 66",35.1006512603,-106.691932797,"Center well ground EMLID","Angostura Reach",8330000,"Rio Grande at Albuquerque 08330000"
20,2016,348,47,"Route 66",35.1006512603,-106.691932797,"Center well ground EMLID","Angostura Reach",8330000,"Rio Grande at Albuquerque 08330000"
20,2017,408,69,"Route 66",35.1006512603,-106.691932797,"Center well ground EMLID","Angostura Reach",8330000,"Rio Grande at Albuquerque 08330000"
20,2018,649,58,"Route 66",35.1006512603,-106.691932797,"Center well ground EMLID","Angostura Reach",8330000,"Rio Grande at Albuquerque 08330000"
20,2019,1012,59,"Route 66",35.1006512603,-106.691932797,"Center well ground EMLID","Angostura Reach",8330000,"Rio Grande at Albuquerque 08330000"
20,2020,456,51,"Route 66",35.1006512603,-106.691932797,"Center well ground EMLID","Angostura Reach",8330000,"Rio Grande at Albuquerque 08330000"
20,2021,265,49,"Route 66",35.1006512603,-106.691932797,"Center well ground EMLID","Angostura Reach",8330000,"Rio Grande at Albuquerque 08330000"
21,2007,406,46,"Badger",35.1955715759,-106.641632737,"Center well ground EMLID","Angostura Reach",8330000,"Rio Grande at Albuquerque 08330000"
21,2008,224,40,"Badger",35.1955715759,-106.641632737,"Center well ground EMLID","Angostura Reach",8330000,"Rio Grande at Albuquerque 08330000"
21,2009,340,41,"Badger",35.1955715759,-106.641632737,"Center well ground EMLID","Angostura Reach",8330000,"Rio Grande at Albuquerque 08330000"
21,2010,192,45,"Badger",35.1955715759,-106.641632737,"Center well ground EMLID","Angostura Reach",8330000,"Rio Grande at Albuquerque 08330000"
21,2011,195,42,"Badger",35.1955715759,-106.641632737,"Center well ground EMLID","Angostura Reach",8330000,"Rio Grande at Albuquerque 08330000"
21,2012,362,49,"Badger",35.1955715759,-106.641632737,"Center well ground EMLID","Angostura Reach",8330000,"Rio Grande at Albuquerque 08330000"
21,2013,224,44,"Badger",35.1955715759,-106.641632737,"Center well ground EMLID","Angostura Reach",8330000,"Rio Grande at Albuquerque 08330000"
21,2014,179,46,"Badger",35.1955715759,-106.641632737,"Center well ground EMLID","Angostura Reach",8330000,"Rio Grande at Albuquerque 08330000"
21,2015,348,45,"Badger",35.1955715759,-106.641632737,"Center well ground EMLID","Angostura Reach",8330000,"Rio Grande at Albuquerque 08330000"
21,2016,353,50,"Badger",35.1955715759,-106.641632737,"Center well ground EMLID","Angostura Reach",8330000,"Rio Grande at Albuquerque 08330000"
21,2017,146,27,"Badger",35.1955715759,-106.641632737,"Center well ground EMLID","Angostura Reach",8330000,"Rio Grande at Albuquerque 08330000"
21,2018,210,51,"Badger",35.1955715759,-106.641632737,"Center well ground EMLID","Angostura Reach",8330000,"Rio Grande at Albuquerque 08330000"
21,2019,317,66,"Badger",35.1955715759,-106.641632737,"Center well ground EMLID","Angostura Reach",8330000,"Rio Grande at Albuquerque 08330000"
21,2020,323,51,"Badger",35.1955715759,-106.641632737,"Center well ground EMLID","Angostura Reach",8330000,"Rio Grande at Albuquerque 08330000"
21,2021,529,46,"Badger",35.1955715759,-106.641632737,"Center well ground EMLID","Angostura Reach",8330000,"Rio Grande at Albuquerque 08330000"
22,2007,298,35,"Bobcat",35.2010747789,-106.641162297,"Center well ground EMLID","Angostura Reach",8330000,"Rio Grande at Albuquerque 08330000"
22,2008,463,34,"Bobcat",35.2010747789,-106.641162297,"Center well ground EMLID","Angostura Reach",8330000,"Rio Grande at Albuquerque 08330000"
22,2009,188,35,"Bobcat",35.2010747789,-106.641162297,"Center well ground EMLID","Angostura Reach",8330000,"Rio Grande at Albuquerque 08330000"
22,2010,268,44,"Bobcat",35.2010747789,-106.641162297,"Center well ground EMLID","Angostura Reach",8330000,"Rio Grande at Albuquerque 08330000"
22,2011,351,43,"Bobcat",35.2010747789,-106.641162297,"Center well ground EMLID","Angostura Reach",8330000,"Rio Grande at Albuquerque 08330000"
22,2012,219,47,"Bobcat",35.2010747789,-106.641162297,"Center well ground EMLID","Angostura Reach",8330000,"Rio Grande at Albuquerque 08330000"
22,2013,356,44,"Bobcat",35.2010747789,-106.641162297,"Center well ground EMLID","Angostura Reach",8330000,"Rio Grande at Albuquerque 08330000"
22,2014,198,40,"Bobcat",35.2010747789,-106.641162297,"Center well ground EMLID","Angostura Reach",8330000,"Rio Grande at Albuquerque 08330000"
22,2015,552,51,"Bobcat",35.2010747789,-106.641162297,"Center well ground EMLID","Angostura Reach",8330000,"Rio Grande at Albuquerque 08330000"
22,2016,524,47,"Bobcat",35.2010747789,-106.641162297,"Center well ground EMLID","Angostura Reach",8330000,"Rio Grande at Albuquerque 08330000"
22,2019,203,20,"Bobcat",35.2010747789,-106.641162297,"Center well ground EMLID","Angostura Reach",8330000,"Rio Grande at Albuquerque 08330000"
23,2007,127,29,"BioPark",35.0799846256,-106.669723455,"Center well ground EMLID","Angostura Reach",8330000,"Rio Grande at Albuquerque 08330000"
23,2008,826,33,"BioPark",35.0799846256,-106.669723455,"Center well ground EMLID","Angostura Reach",8330000,"Rio Grande at Albuquerque 08330000"
23,2009,179,41,"BioPark",35.0799846256,-106.669723455,"Center well ground EMLID","Angostura Reach",8330000,"Rio Grande at Albuquerque 08330000"
23,2010,404,42,"BioPark",35.0799846256,-106.669723455,"Center well ground EMLID","Angostura Reach",8330000,"Rio Grande at Albuquerque 08330000"
23,2011,382,49,"BioPark",35.0799846256,-106.669723455,"Center well ground EMLID","Angostura Reach",8330000,"Rio Grande at Albuquerque 08330000"
23,2012,297,52,"BioPark",35.0799846256,-106.669723455,"Center well ground EMLID","Angostura Reach",8330000,"Rio Grande at Albuquerque 08330000"
23,2013,337,45,"BioPark",35.0799846256,-106.669723455,"Center well ground EMLID","Angostura Reach",8330000,"Rio Grande at Albuquerque 08330000"
23,2014,92,35,"BioPark",35.0799846256,-106.669723455,"Center well ground EMLID","Angostura Reach",8330000,"Rio Grande at Albuquerque 08330000"
23,2015,91,26,"BioPark",35.0799846256,-106.669723455,"Center well ground EMLID","Angostura Reach",8330000,"Rio Grande at Albuquerque 08330000"
23,2016,705,62,"BioPark",35.0799846256,-106.669723455,"Center well ground EMLID","Angostura Reach",8330000,"Rio Grande at Albuquerque 08330000"
23,2017,364,50,"BioPark",35.0799846256,-106.669723455,"Center well ground EMLID","Angostura Reach",8330000,"Rio Grande at Albuquerque 08330000"
23,2019,98,19,"BioPark",35.0799846256,-106.669723455,"Center well ground EMLID","Angostura Reach",8330000,"Rio Grande at Albuquerque 08330000"
24,2009,0,1,"Santo Domingo",35.50989,-106.3896,"Est from map","Cochiti Reach",NA,NA
24,2012,236,41,"Santo Domingo",35.50989,-106.3896,"Est from map","Cochiti Reach",NA,NA
24,2013,123,42,"Santo Domingo",35.50989,-106.3896,"Est from map","Cochiti Reach",NA,NA
24,2016,243,54,"Santo Domingo",35.50989,-106.3896,"Est from map","Cochiti Reach",NA,NA
24,2017,264,51,"Santo Domingo",35.50989,-106.3896,"Est from map","Cochiti Reach",NA,NA
24,2019,323,44,"Santo Domingo",35.50989,-106.3896,"Est from map","Cochiti Reach",NA,NA
25,2008,209,23,"Crawford",34.637561057629,-106.74347269011,"Center well ground EMLID","Isleta Reach",8331510,"1) Rio Grande at State Hwy 346 near Bosque 08331510 from 10/2005 to present 2) Rio Grande Floodway Near Bernardo 08332010 from beginning to 10/2005"
25,2009,244,36,"Crawford",34.637561057629,-106.74347269011,"Center well ground EMLID","Isleta Reach",8331510,"1) Rio Grande at State Hwy 346 near Bosque 08331510 from 10/2005 to present 2) Rio Grande Floodway Near Bernardo 08332010 from beginning to 10/2005"
25,2010,284,42,"Crawford",34.637561057629,-106.74347269011,"Center well ground EMLID","Isleta Reach",8331510,"1) Rio Grande at State Hwy 346 near Bosque 08331510 from 10/2005 to present 2) Rio Grande Floodway Near Bernardo 08332010 from beginning to 10/2005"
25,2011,303,35,"Crawford",34.637561057629,-106.74347269011,"Center well ground EMLID","Isleta Reach",8331510,"1) Rio Grande at State Hwy 346 near Bosque 08331510 from 10/2005 to present 2) Rio Grande Floodway Near Bernardo 08332010 from beginning to 10/2005"
25,2012,330,42,"Crawford",34.637561057629,-106.74347269011,"Center well ground EMLID","Isleta Reach",8331510,"1) Rio Grande at State Hwy 346 near Bosque 08331510 from 10/2005 to present 2) Rio Grande Floodway Near Bernardo 08332010 from beginning to 10/2005"
25,2013,142,39,"Crawford",34.637561057629,-106.74347269011,"Center well ground EMLID","Isleta Reach",8331510,"1) Rio Grande at State Hwy 346 near Bosque 08331510 from 10/2005 to present 2) Rio Grande Floodway Near Bernardo 08332010 from beginning to 10/2005"
25,2014,380,51,"Crawford",34.637561057629,-106.74347269011,"Center well ground EMLID","Isleta Reach",8331510,"1) Rio Grande at State Hwy 346 near Bosque 08331510 from 10/2005 to present 2) Rio Grande Floodway Near Bernardo 08332010 from beginning to 10/2005"
25,2015,215,40,"Crawford",34.637561057629,-106.74347269011,"Center well ground EMLID","Isleta Reach",8331510,"1) Rio Grande at State Hwy 346 near Bosque 08331510 from 10/2005 to present 2) Rio Grande Floodway Near Bernardo 08332010 from beginning to 10/2005"
25,2016,720,46,"Crawford",34.637561057629,-106.74347269011,"Center well ground EMLID","Isleta Reach",8331510,"1) Rio Grande at State Hwy 346 near Bosque 08331510 from 10/2005 to present 2) Rio Grande Floodway Near Bernardo 08332010 from beginning to 10/2005"
25,2017,1070,33,"Crawford",34.637561057629,-106.74347269011,"Center well ground EMLID","Isleta Reach",8331510,"1) Rio Grande at State Hwy 346 near Bosque 08331510 from 10/2005 to present 2) Rio Grande Floodway Near Bernardo 08332010 from beginning to 10/2005"
25,2018,345,51,"Crawford",34.637561057629,-106.74347269011,"Center well ground EMLID","Isleta Reach",8331510,"1) Rio Grande at State Hwy 346 near Bosque 08331510 from 10/2005 to present 2) Rio Grande Floodway Near Bernardo 08332010 from beginning to 10/2005"
25,2019,282,55,"Crawford",34.637561057629,-106.74347269011,"Center well ground EMLID","Isleta Reach",8331510,"1) Rio Grande at State Hwy 346 near Bosque 08331510 from 10/2005 to present 2) Rio Grande Floodway Near Bernardo 08332010 from beginning to 10/2005"
25,2020,335,50,"Crawford",34.637561057629,-106.74347269011,"Center well ground EMLID","Isleta Reach",8331510,"1) Rio Grande at State Hwy 346 near Bosque 08331510 from 10/2005 to present 2) Rio Grande Floodway Near Bernardo 08332010 from beginning to 10/2005"
25,2021,201,46,"Crawford",34.637561057629,-106.74347269011,"Center well ground EMLID","Isleta Reach",8331510,"1) Rio Grande at State Hwy 346 near Bosque 08331510 from 10/2005 to present 2) Rio Grande Floodway Near Bernardo 08332010 from beginning to 10/2005"
26,2011,108,24,"Mesilla",32.248328,-106.821014,"Est from map","South of San Marcial Reach",NA,"1) no current gauge 2) Leasburg Dam at Fort Selden 08363510 for 2011 only"
26,2012,273,26,"Mesilla",32.248328,-106.821014,"Est from map","South of San Marcial Reach",NA,"1) no current gauge 2) Leasburg Dam at Fort Selden 08363510 for 2011 only"
26,2013,68,16,"Mesilla",32.248328,-106.821014,"Est from map","South of San Marcial Reach",NA,"1) no current gauge 2) Leasburg Dam at Fort Selden 08363510 for 2011 only"
26,2014,355,34,"Mesilla",32.248328,-106.821014,"Est from map","South of San Marcial Reach",NA,"1) no current gauge 2) Leasburg Dam at Fort Selden 08363510 for 2011 only"
26,2016,205,43,"Mesilla",32.248328,-106.821014,"Est from map","South of San Marcial Reach",NA,"1) no current gauge 2) Leasburg Dam at Fort Selden 08363510 for 2011 only"
26,2017,887,65,"Mesilla",32.248328,-106.821014,"Est from map","South of San Marcial Reach",NA,"1) no current gauge 2) Leasburg Dam at Fort Selden 08363510 for 2011 only"
27,2012,455,48,"Bosque Farm",34.8477697505695,-106.714997116643,"Center well ground EMLID","Isleta Reach",8331160,"Rio Grande Near Bosque Farms 08331160"
27,2013,260,46,"Bosque Farm",34.8477697505695,-106.714997116643,"Center well ground EMLID","Isleta Reach",8331160,"Rio Grande Near Bosque Farms 08331160"
27,2016,565,46,"Bosque Farm",34.8477697505695,-106.714997116643,"Center well ground EMLID","Isleta Reach",8331160,"Rio Grande Near Bosque Farms 08331160"
27,2017,230,43,"Bosque Farm",34.8477697505695,-106.714997116643,"Center well ground EMLID","Isleta Reach",8331160,"Rio Grande Near Bosque Farms 08331160"
27,2018,906,48,"Bosque Farm",34.8477697505695,-106.714997116643,"Center well ground EMLID","Isleta Reach",8331160,"Rio Grande Near Bosque Farms 08331160"
27,2019,387,35,"Bosque Farm",34.8477697505695,-106.714997116643,"Center well ground EMLID","Isleta Reach",8331160,"Rio Grande Near Bosque Farms 08331160"
27,2020,399,39,"Bosque Farm",34.8477697505695,-106.714997116643,"Center well ground EMLID","Isleta Reach",8331160,"Rio Grande Near Bosque Farms 08331160"
27,2021,392,48,"Bosque Farm",34.8477697505695,-106.714997116643,"Center well ground EMLID","Isleta Reach",8331160,"Rio Grande Near Bosque Farms 08331160"
28,2014,189,49,"Valle de Oro",34.9797688406,-106.680112434,"Center well ground EMLID","Angostura Reach",8330000,"Rio Grande at Albuquerque 08330000"
28,2015,563,68,"Valle de Oro",34.9797688406,-106.680112434,"Center well ground EMLID","Angostura Reach",8330000,"Rio Grande at Albuquerque 08330000"
28,2016,270,45,"Valle de Oro",34.9797688406,-106.680112434,"Center well ground EMLID","Angostura Reach",8330000,"Rio Grande at Albuquerque 08330000"
28,2017,209,28,"Valle de Oro",34.9797688406,-106.680112434,"Center well ground EMLID","Angostura Reach",8330000,"Rio Grande at Albuquerque 08330000"
28,2018,2062,55,"Valle de Oro",34.9797688406,-106.680112434,"Center well ground EMLID","Angostura Reach",8330000,"Rio Grande at Albuquerque 08330000"
28,2019,228,37,"Valle de Oro",34.9797688406,-106.680112434,"Center well ground EMLID","Angostura Reach",8330000,"Rio Grande at Albuquerque 08330000"
29,2014,219,33,"Albuquerque Overbank Project",35.0452081969,-106.665732215,"Center well ground EMLID","Angostura Reach",8330000,"Rio Grande at Albuquerque 08330000"
29,2016,511,54,"Albuquerque Overbank Project",35.0452081969,-106.665732215,"Center well ground EMLID","Angostura Reach",8330000,"Rio Grande at Albuquerque 08330000"
29,2017,146,45,"Albuquerque Overbank Project",35.0452081969,-106.665732215,"Center well ground EMLID","Angostura Reach",8330000,"Rio Grande at Albuquerque 08330000"
29,2018,341,55,"Albuquerque Overbank Project",35.0452081969,-106.665732215,"Center well ground EMLID","Angostura Reach",8330000,"Rio Grande at Albuquerque 08330000"
29,2019,222,48,"Albuquerque Overbank Project",35.0452081969,-106.665732215,"Center well ground EMLID","Angostura Reach",8330000,"Rio Grande at Albuquerque 08330000"
29,2020,305,62,"Albuquerque Overbank Project",35.0452081969,-106.665732215,"Center well ground EMLID","Angostura Reach",8330000,"Rio Grande at Albuquerque 08330000"
29,2021,343,43,"Albuquerque Overbank Project",35.0452081969,-106.665732215,"Center well ground EMLID","Angostura Reach",8330000,"Rio Grande at Albuquerque 08330000"
30,2014,411,54,"State Land Office",34.9679188689,-106.685667747,"Center well ground EMLID","Angostura Reach",8330000,"Rio Grande at Albuquerque 08330000"
30,2015,897,57,"State Land Office",34.9679188689,-106.685667747,"Center well ground EMLID","Angostura Reach",8330000,"Rio Grande at Albuquerque 08330000"
30,2016,278,47,"State Land Office",34.9679188689,-106.685667747,"Center well ground EMLID","Angostura Reach",8330000,"Rio Grande at Albuquerque 08330000"
30,2017,418,55,"State Land Office",34.9679188689,-106.685667747,"Center well ground EMLID","Angostura Reach",8330000,"Rio Grande at Albuquerque 08330000"
30,2018,369,66,"State Land Office",34.9679188689,-106.685667747,"Center well ground EMLID","Angostura Reach",8330000,"Rio Grande at Albuquerque 08330000"
30,2019,355,60,"State Land Office",34.9679188689,-106.685667747,"Center well ground EMLID","Angostura Reach",8330000,"Rio Grande at Albuquerque 08330000"
30,2020,400,74,"State Land Office",34.9679188689,-106.685667747,"Center well ground EMLID","Angostura Reach",8330000,"Rio Grande at Albuquerque 08330000"
30,2021,274,60,"State Land Office",34.9679188689,-106.685667747,"Center well ground EMLID","Angostura Reach",8330000,"Rio Grande at Albuquerque 08330000"
31,2016,596,46,"San Jose",35.0124335977,-106.672728518,"Center well ground EMLID","Angostura Reach",8330000,"Rio Grande at Albuquerque 08330000"
31,2017,175,29,"San Jose",35.0124335977,-106.672728518,"Center well ground EMLID","Angostura Reach",8330000,"Rio Grande at Albuquerque 08330000"
31,2018,336,58,"San Jose",35.0124335977,-106.672728518,"Center well ground EMLID","Angostura Reach",8330000,"Rio Grande at Albuquerque 08330000"
31,2019,511,82,"San Jose",35.0124335977,-106.672728518,"Center well ground EMLID","Angostura Reach",8330000,"Rio Grande at Albuquerque 08330000"
31,2020,408,61,"San Jose",35.0124335977,-106.672728518,"Center well ground EMLID","Angostura Reach",8330000,"Rio Grande at Albuquerque 08330000"
31,2021,217,48,"San Jose",35.0124335977,-106.672728518,"Center well ground EMLID","Angostura Reach",8330000,"Rio Grande at Albuquerque 08330000"
32,2016,290,52,"Sandia",35.255,-106.5907,"Est from map","Angostura Reach",NA,NA
32,2017,274,38,"Sandia",35.255,-106.5907,"Est from map","Angostura Reach",NA,NA
32,2018,346,50,"Sandia",35.255,-106.5907,"Est from map","Angostura Reach",NA,NA
32,2019,378,47,"Sandia",35.255,-106.5907,"Est from map","Angostura Reach",NA,NA
32,2020,125,23,"Sandia",35.255,-106.5907,"Est from map","Angostura Reach",NA,NA
32,2021,183,57,"Sandia",35.255,-106.5907,"Est from map","Angostura Reach",NA,NA
33,2018,328,53,"Bosque del Apache",33.8196650872,-106.854014975,"Center well ground EMLID","San Acacia Reach",8355490,"RIO GRANDE ABOVE US HWY 380 NR SAN ANTONIO, NM, 8355490"
33,2019,178,30,"Bosque del Apache",33.8196650872,-106.854014975,"Center well ground EMLID","San Acacia Reach",8355490,"RIO GRANDE ABOVE US HWY 380 NR SAN ANTONIO, NM, 8355490"
33,2020,149,53,"Bosque del Apache",33.8196650872,-106.854014975,"Center well ground EMLID","San Acacia Reach",8355490,"RIO GRANDE ABOVE US HWY 380 NR SAN ANTONIO, NM, 8355490"
33,2021,640,52,"Bosque del Apache",33.8196650872,-106.854014975,"Center well ground EMLID","San Acacia Reach",8355490,"RIO GRANDE ABOVE US HWY 380 NR SAN ANTONIO, NM, 8355490"
34,2018,160,32,"River Realignment",33.8227,-106.8419,"Est from map","San Acacia Reach",8355490,"RIO GRANDE ABOVE US HWY 380 NR SAN ANTONIO, NM, 8355490"
